Date,Year,Company,Ticker,Exchange,Open,High,Low,Close,Volume
2020-12-28,2020,Tata Steel Limited,TATASTEEL.NS,NSE,55.53,55.93,55.1,55.36,84113960
2021-01-04,2021,Tata Steel Limited,TATASTEEL.NS,NSE,55.87,62.97,55.65,61.39,1369022380
2021-01-11,2021,Tata Steel Limited,TATASTEEL.NS,NSE,61.29,62.37,59.25,60.77,931331590
2021-01-18,2021,Tata Steel Limited,TATASTEEL.NS,NSE,60.95,61.01,54.55,55.7,1194370260
2021-01-25,2021,Tata Steel Limited,TATASTEEL.NS,NSE,56.04,56.98,51.31,51.74,751848840
2021-02-01,2021,Tata Steel Limited,TATASTEEL.NS,NSE,52.07,59.45,51.43,58.97,978459150
2021-02-08,2021,Tata Steel Limited,TATASTEEL.NS,NSE,59.74,62.37,58.41,58.58,1392433000
2021-02-15,2021,Tata Steel Limited,TATASTEEL.NS,NSE,59.15,61.21,56.47,57.74,1000395260
2021-02-22,2021,Tata Steel Limited,TATASTEEL.NS,NSE,57.93,64.82,57.75,61.57,1341861560
2021-03-01,2021,Tata Steel Limited,TATASTEEL.NS,NSE,62.33,67.36,61.24,63.13,937706620
2021-03-08,2021,Tata Steel Limited,TATASTEEL.NS,NSE,64.04,64.67,60.46,61.98,659783030
2021-03-15,2021,Tata Steel Limited,TATASTEEL.NS,NSE,62.16,63.71,58.65,63.1,776124210
2021-03-22,2021,Tata Steel Limited,TATASTEEL.NS,NSE,62.94,66.71,59.26,66.02,1262991960
2021-03-29,2021,Tata Steel Limited,TATASTEEL.NS,NSE,66.02,74.8,66.02,74.3,933661510
2021-04-05,2021,Tata Steel Limited,TATASTEEL.NS,NSE,74.21,82.1,72.07,77.44,1537102390
2021-04-12,2021,Tata Steel Limited,TATASTEEL.NS,NSE,75.46,78.72,72.6,76.64,818189610
2021-04-19,2021,Tata Steel Limited,TATASTEEL.NS,NSE,74.88,81.35,74.04,79.68,927174900
2021-04-26,2021,Tata Steel Limited,TATASTEEL.NS,NSE,80.49,90.62,80.07,89.01,1394357260
2021-05-03,2021,Tata Steel Limited,TATASTEEL.NS,NSE,88.84,102.62,87.68,101.79,1712055370
2021-05-10,2021,Tata Steel Limited,TATASTEEL.NS,NSE,104.17,107.34,96.01,97.46,1377264890
2021-05-17,2021,Tata Steel Limited,TATASTEEL.NS,NSE,97.97,103.0,94.53,95.82,1133135150
2021-05-24,2021,Tata Steel Limited,TATASTEEL.NS,NSE,95.39,98.45,92.33,95.0,944699100
2021-05-31,2021,Tata Steel Limited,TATASTEEL.NS,NSE,95.73,98.12,93.45,96.48,678049870
2021-06-07,2021,Tata Steel Limited,TATASTEEL.NS,NSE,97.28,100.26,94.18,99.72,593899230
2021-06-14,2021,Tata Steel Limited,TATASTEEL.NS,NSE,100.55,102.17,90.41,94.03,998752370
2021-06-21,2021,Tata Steel Limited,TATASTEEL.NS,NSE,94.18,102.98,93.62,102.56,550946420
2021-06-28,2021,Tata Steel Limited,TATASTEEL.NS,NSE,103.33,104.91,99.47,99.98,406956960
2021-07-05,2021,Tata Steel Limited,TATASTEEL.NS,NSE,100.86,109.5,99.98,109.08,638423020
2021-07-12,2021,Tata Steel Limited,TATASTEEL.NS,NSE,110.11,112.77,107.23,112.52,510571670
2021-07-19,2021,Tata Steel Limited,TATASTEEL.NS,NSE,110.81,114.02,107.82,112.78,340204580
2021-07-26,2021,Tata Steel Limited,TATASTEEL.NS,NSE,113.45,130.42,112.49,126.24,759652460
2021-08-02,2021,Tata Steel Limited,TATASTEEL.NS,NSE,127.27,128.24,122.12,125.76,555947390
2021-08-09,2021,Tata Steel Limited,TATASTEEL.NS,NSE,126.21,129.96,120.33,128.65,707594530
2021-08-16,2021,Tata Steel Limited,TATASTEEL.NS,NSE,130.61,135.06,119.95,121.07,857572250
2021-08-23,2021,Tata Steel Limited,TATASTEEL.NS,NSE,123.4,125.51,115.36,121.82,696502970
2021-08-30,2021,Tata Steel Limited,TATASTEEL.NS,NSE,123.13,128.41,123.04,127.06,616098200
2021-09-06,2021,Tata Steel Limited,TATASTEEL.NS,NSE,127.36,128.41,124.86,127.36,233006470
2021-09-13,2021,Tata Steel Limited,TATASTEEL.NS,NSE,127.36,129.91,119.7,121.98,407702660
2021-09-20,2021,Tata Steel Limited,TATASTEEL.NS,NSE,118.82,118.99,108.51,111.96,881890660
2021-09-27,2021,Tata Steel Limited,TATASTEEL.NS,NSE,111.95,115.86,110.99,114.23,428162280
2021-10-04,2021,Tata Steel Limited,TATASTEEL.NS,NSE,114.23,118.3,112.06,114.52,394425280
2021-10-11,2021,Tata Steel Limited,TATASTEEL.NS,NSE,114.86,122.39,114.24,121.02,339597660
2021-10-18,2021,Tata Steel Limited,TATASTEEL.NS,NSE,124.8,125.56,111.87,114.09,430847900
2021-10-25,2021,Tata Steel Limited,TATASTEEL.NS,NSE,114.59,118.97,111.54,115.82,386056220
2021-11-01,2021,Tata Steel Limited,TATASTEEL.NS,NSE,117.94,120.83,115.37,116.7,233083480
2021-11-08,2021,Tata Steel Limited,TATASTEEL.NS,NSE,118.02,119.73,111.87,113.3,590340180
2021-11-15,2021,Tata Steel Limited,TATASTEEL.NS,NSE,113.98,114.33,104.03,104.44,433116500
2021-11-22,2021,Tata Steel Limited,TATASTEEL.NS,NSE,104.57,106.41,97.37,97.9,411668770
2021-11-29,2021,Tata Steel Limited,TATASTEEL.NS,NSE,97.9,100.07,93.56,98.4,513305540
2021-12-06,2021,Tata Steel Limited,TATASTEEL.NS,NSE,98.05,104.64,97.01,103.86,341943550
2021-12-13,2021,Tata Steel Limited,TATASTEEL.NS,NSE,104.56,105.53,99.02,99.64,241263850
2021-12-20,2021,Tata Steel Limited,TATASTEEL.NS,NSE,98.31,100.93,93.83,98.18,274615240
2021-12-27,2021,Tata Steel Limited,TATASTEEL.NS,NSE,97.79,99.59,96.73,97.82,176342660
2022-01-03,2022,Tata Steel Limited,TATASTEEL.NS,NSE,98.14,104.12,98.14,102.13,253369670
2022-01-10,2022,Tata Steel Limited,TATASTEEL.NS,NSE,102.54,107.93,97.96,106.81,395472510
2022-01-17,2022,Tata Steel Limited,TATASTEEL.NS,NSE,106.94,109.58,101.78,102.95,352016890
2022-01-24,2022,Tata Steel Limited,TATASTEEL.NS,NSE,102.1,102.42,93.41,95.46,310466880
2022-01-31,2022,Tata Steel Limited,TATASTEEL.NS,NSE,97.69,105.42,95.1,103.53,460024490
2022-02-07,2022,Tata Steel Limited,TATASTEEL.NS,NSE,102.83,111.33,102.18,110.41,550148520
2022-02-14,2022,Tata Steel Limited,TATASTEEL.NS,NSE,107.39,108.06,101.35,104.81,352006600
2022-02-21,2022,Tata Steel Limited,TATASTEEL.NS,NSE,104.56,105.79,93.92,100.81,406651800
2022-02-28,2022,Tata Steel Limited,TATASTEEL.NS,NSE,99.81,116.94,99.39,112.4,761862390
2022-03-07,2022,Tata Steel Limited,TATASTEEL.NS,NSE,112.3,117.93,109.23,114.57,526390720
2022-03-14,2022,Tata Steel Limited,TATASTEEL.NS,NSE,114.86,115.99,108.08,114.72,318188220
2022-03-21,2022,Tata Steel Limited,TATASTEEL.NS,NSE,115.12,120.23,113.37,117.85,460638600
2022-03-28,2022,Tata Steel Limited,TATASTEEL.NS,NSE,117.94,119.26,114.42,115.92,243629980
2022-04-04,2022,Tata Steel Limited,TATASTEEL.NS,NSE,115.92,122.05,115.69,120.65,355002630
2022-04-11,2022,Tata Steel Limited,TATASTEEL.NS,NSE,120.64,121.81,114.08,116.13,158908300
2022-04-18,2022,Tata Steel Limited,TATASTEEL.NS,NSE,117.23,120.28,112.11,112.44,322111330
2022-04-25,2022,Tata Steel Limited,TATASTEEL.NS,NSE,110.02,113.69,106.53,111.87,296802260
2022-05-02,2022,Tata Steel Limited,TATASTEEL.NS,NSE,110.63,117.06,109.4,112.98,349395110
2022-05-09,2022,Tata Steel Limited,TATASTEEL.NS,NSE,110.9,112.15,96.11,96.55,480269560
2022-05-16,2022,Tata Steel Limited,TATASTEEL.NS,NSE,98.49,106.41,96.29,103.03,389190210
2022-05-23,2022,Tata Steel Limited,TATASTEEL.NS,NSE,96.55,96.55,87.29,91.84,721652450
2022-05-30,2022,Tata Steel Limited,TATASTEEL.NS,NSE,93.21,96.18,91.27,93.94,421137630
2022-06-06,2022,Tata Steel Limited,TATASTEEL.NS,NSE,93.74,95.84,88.95,90.1,359111840
2022-06-13,2022,Tata Steel Limited,TATASTEEL.NS,NSE,88.39,89.22,78.82,79.8,495912990
2022-06-20,2022,Tata Steel Limited,TATASTEEL.NS,NSE,83.95,83.95,76.72,79.11,571220900
2022-06-27,2022,Tata Steel Limited,TATASTEEL.NS,NSE,80.75,82.98,79.69,80.97,369214510
2022-07-04,2022,Tata Steel Limited,TATASTEEL.NS,NSE,80.57,85.15,77.74,82.18,461060980
2022-07-11,2022,Tata Steel Limited,TATASTEEL.NS,NSE,82.11,86.18,81.17,81.98,476255590
2022-07-18,2022,Tata Steel Limited,TATASTEEL.NS,NSE,83.21,87.57,82.77,86.83,334977120
2022-07-25,2022,Tata Steel Limited,TATASTEEL.NS,NSE,86.73,101.39,86.6,99.81,582575381
2022-08-01,2022,Tata Steel Limited,TATASTEEL.NS,NSE,102.5,103.38,97.73,99.58,385725244
2022-08-08,2022,Tata Steel Limited,TATASTEEL.NS,NSE,100.05,104.73,98.79,104.5,286529472
2022-08-15,2022,Tata Steel Limited,TATASTEEL.NS,NSE,104.5,105.47,101.62,102.09,229747097
2022-08-22,2022,Tata Steel Limited,TATASTEEL.NS,NSE,101.58,101.67,96.01,99.58,313698996
2022-08-29,2022,Tata Steel Limited,TATASTEEL.NS,NSE,96.52,100.65,95.78,97.87,225353669
2022-09-05,2022,Tata Steel Limited,TATASTEEL.NS,NSE,98.38,101.02,97.73,98.05,278679815
2022-09-12,2022,Tata Steel Limited,TATASTEEL.NS,NSE,99.07,102.41,97.4,98.05,342291857
2022-09-19,2022,Tata Steel Limited,TATASTEEL.NS,NSE,98.51,100.09,95.55,96.75,320575488
2022-09-26,2022,Tata Steel Limited,TATASTEEL.NS,NSE,96.85,96.89,88.13,92.11,405286308
2022-10-03,2022,Tata Steel Limited,TATASTEEL.NS,NSE,92.39,96.29,90.91,95.82,161719200
2022-10-10,2022,Tata Steel Limited,TATASTEEL.NS,NSE,94.62,96.15,91.65,92.86,186207376
2022-10-17,2022,Tata Steel Limited,TATASTEEL.NS,NSE,92.53,94.11,91.0,92.95,176120793
2022-10-24,2022,Tata Steel Limited,TATASTEEL.NS,NSE,94.62,97.08,93.41,94.25,169998702
2022-10-31,2022,Tata Steel Limited,TATASTEEL.NS,NSE,94.53,97.4,91.42,97.17,259492764
2022-11-07,2022,Tata Steel Limited,TATASTEEL.NS,NSE,98.24,100.37,96.89,99.77,218519665
2022-11-14,2022,Tata Steel Limited,TATASTEEL.NS,NSE,100.65,102.04,96.94,97.87,192773382
2022-11-21,2022,Tata Steel Limited,TATASTEEL.NS,NSE,99.91,99.91,96.06,98.51,160159798
2022-11-28,2022,Tata Steel Limited,TATASTEEL.NS,NSE,98.33,104.36,96.94,103.9,297564292
2022-12-05,2022,Tata Steel Limited,TATASTEEL.NS,NSE,105.1,107.7,101.76,102.46,254599304
2022-12-12,2022,Tata Steel Limited,TATASTEEL.NS,NSE,102.23,105.24,100.83,103.01,177051731
2022-12-19,2022,Tata Steel Limited,TATASTEEL.NS,NSE,103.01,103.99,94.57,94.85,170833479
2022-12-26,2022,Tata Steel Limited,TATASTEEL.NS,NSE,95.36,106.45,94.29,104.5,268489819
2023-01-02,2023,Tata Steel Limited,TATASTEEL.NS,NSE,106.12,111.78,105.52,107.28,390856523
2023-01-09,2023,Tata Steel Limited,TATASTEEL.NS,NSE,108.44,112.8,108.12,111.73,246459127
2023-01-16,2023,Tata Steel Limited,TATASTEEL.NS,NSE,112.66,115.31,109.46,114.05,228340529
2023-01-23,2023,Tata Steel Limited,TATASTEEL.NS,NSE,114.47,114.89,110.48,111.92,161602873
2023-01-30,2023,Tata Steel Limited,TATASTEEL.NS,NSE,111.73,115.17,108.44,111.64,249203592
2023-02-06,2023,Tata Steel Limited,TATASTEEL.NS,NSE,111.32,111.32,100.46,100.93,352543819
2023-02-13,2023,Tata Steel Limited,TATASTEEL.NS,NSE,100.93,104.92,100.42,104.13,187957681
2023-02-20,2023,Tata Steel Limited,TATASTEEL.NS,NSE,104.17,105.94,101.62,101.81,139291557
2023-02-27,2023,Tata Steel Limited,TATASTEEL.NS,NSE,101.85,102.09,96.06,99.26,381384499
2023-03-06,2023,Tata Steel Limited,TATASTEEL.NS,NSE,99.72,101.07,96.47,100.28,250475007
2023-03-13,2023,Tata Steel Limited,TATASTEEL.NS,NSE,100.42,101.25,96.2,99.26,252119060
2023-03-20,2023,Tata Steel Limited,TATASTEEL.NS,NSE,98.42,98.75,94.2,94.71,153823918
2023-03-27,2023,Tata Steel Limited,TATASTEEL.NS,NSE,95.13,97.87,94.29,96.94,115257562
2023-04-03,2023,Tata Steel Limited,TATASTEEL.NS,NSE,97.49,97.63,95.73,96.8,68089012
2023-04-10,2023,Tata Steel Limited,TATASTEEL.NS,NSE,96.94,100.56,96.94,99.72,131527673
2023-04-17,2023,Tata Steel Limited,TATASTEEL.NS,NSE,99.81,102.41,97.73,98.47,168195730
2023-04-24,2023,Tata Steel Limited,TATASTEEL.NS,NSE,98.7,100.65,97.73,100.14,122835962
2023-05-01,2023,Tata Steel Limited,TATASTEEL.NS,NSE,100.14,103.8,100.14,100.79,175690039
2023-05-08,2023,Tata Steel Limited,TATASTEEL.NS,NSE,101.34,103.15,98.84,99.03,126955364
2023-05-15,2023,Tata Steel Limited,TATASTEEL.NS,NSE,99.3,100.79,96.52,97.08,123688473
2023-05-22,2023,Tata Steel Limited,TATASTEEL.NS,NSE,97.4,99.03,96.75,98.7,125594221
2023-05-29,2023,Tata Steel Limited,TATASTEEL.NS,NSE,99.26,101.07,97.96,100.18,183685937
2023-06-05,2023,Tata Steel Limited,TATASTEEL.NS,NSE,100.79,104.82,100.0,101.02,194324019
2023-06-12,2023,Tata Steel Limited,TATASTEEL.NS,NSE,101.25,106.49,101.25,105.98,191332903
2023-06-19,2023,Tata Steel Limited,TATASTEEL.NS,NSE,107.1,107.23,101.3,101.67,156461987
2023-06-26,2023,Tata Steel Limited,TATASTEEL.NS,NSE,104.99,107.48,103.55,107.29,100099346
2023-07-03,2023,Tata Steel Limited,TATASTEEL.NS,NSE,107.53,109.44,106.57,106.9,148291103
2023-07-10,2023,Tata Steel Limited,TATASTEEL.NS,NSE,107.53,112.94,106.95,112.22,210792914
2023-07-17,2023,Tata Steel Limited,TATASTEEL.NS,NSE,112.99,114.33,110.64,111.69,143621122
2023-07-24,2023,Tata Steel Limited,TATASTEEL.NS,NSE,111.6,116.34,109.54,115.52,229526092
2023-07-31,2023,Tata Steel Limited,TATASTEEL.NS,NSE,115.52,118.92,112.55,113.99,192073613
2023-08-07,2023,Tata Steel Limited,TATASTEEL.NS,NSE,114.57,116.29,111.98,115.24,126917757
2023-08-14,2023,Tata Steel Limited,TATASTEEL.NS,NSE,115.24,115.33,109.87,110.93,123191463
2023-08-21,2023,Tata Steel Limited,TATASTEEL.NS,NSE,111.84,115.05,110.97,111.98,134513664
2023-08-28,2023,Tata Steel Limited,TATASTEEL.NS,NSE,112.08,123.28,112.08,121.7,243811708
2023-09-04,2023,Tata Steel Limited,TATASTEEL.NS,NSE,123.76,127.31,122.8,124.05,205633315
2023-09-11,2023,Tata Steel Limited,TATASTEEL.NS,NSE,124.05,128.55,122.33,126.4,238673714
2023-09-18,2023,Tata Steel Limited,TATASTEEL.NS,NSE,129.32,129.32,120.22,121.42,169933487
2023-09-25,2023,Tata Steel Limited,TATASTEEL.NS,NSE,121.94,125.06,120.79,123.47,164069576
2023-10-02,2023,Tata Steel Limited,TATASTEEL.NS,NSE,123.47,123.67,119.26,120.6,100878394
2023-10-09,2023,Tata Steel Limited,TATASTEEL.NS,NSE,119.55,121.56,117.44,119.79,120934213
2023-10-16,2023,Tata Steel Limited,TATASTEEL.NS,NSE,119.83,123.28,117.54,117.92,130723948
2023-10-23,2023,Tata Steel Limited,TATASTEEL.NS,NSE,118.16,118.21,113.9,114.85,122768496
2023-10-30,2023,Tata Steel Limited,TATASTEEL.NS,NSE,115.96,116.15,109.78,112.36,170077142
2023-11-06,2023,Tata Steel Limited,TATASTEEL.NS,NSE,113.51,115.43,112.55,115.0,122817193
2023-11-13,2023,Tata Steel Limited,TATASTEEL.NS,NSE,115.76,120.46,114.85,119.93,110452020
2023-11-20,2023,Tata Steel Limited,TATASTEEL.NS,NSE,119.79,122.04,118.83,120.65,113467966
2023-11-27,2023,Tata Steel Limited,TATASTEEL.NS,NSE,120.65,124.82,120.65,124.53,112827509
2023-12-04,2023,Tata Steel Limited,TATASTEEL.NS,NSE,126.64,127.79,122.56,123.76,186256714
2023-12-11,2023,Tata Steel Limited,TATASTEEL.NS,NSE,124.38,130.99,123.33,130.71,198252030
2023-12-18,2023,Tata Steel Limited,TATASTEEL.NS,NSE,131.09,131.81,122.47,127.93,177956002
2023-12-25,2023,Tata Steel Limited,TATASTEEL.NS,NSE,127.93,135.3,127.93,133.72,157901933
2024-01-01,2024,Tata Steel Limited,TATASTEEL.NS,NSE,134.11,135.02,127.26,128.02,209370471
2024-01-08,2024,Tata Steel Limited,TATASTEEL.NS,NSE,129.61,130.52,126.2,129.61,153507479
2024-01-15,2024,Tata Steel Limited,TATASTEEL.NS,NSE,130.28,132.67,122.8,128.6,227429542
2024-01-22,2024,Tata Steel Limited,TATASTEEL.NS,NSE,128.6,130.75,123.86,128.12,136072928
2024-01-29,2024,Tata Steel Limited,TATASTEEL.NS,NSE,129.03,133.72,127.88,132.86,202526924
2024-02-05,2024,Tata Steel Limited,TATASTEEL.NS,NSE,134.11,141.2,133.29,135.35,270407217
2024-02-12,2024,Tata Steel Limited,TATASTEEL.NS,NSE,136.02,137.41,128.46,136.31,158678657
2024-02-19,2024,Tata Steel Limited,TATASTEEL.NS,NSE,136.93,140.91,134.16,139.33,204408397
2024-02-26,2024,Tata Steel Limited,TATASTEEL.NS,NSE,139.71,144.31,133.53,143.64,223369771
2024-03-04,2024,Tata Steel Limited,TATASTEEL.NS,NSE,148.38,152.45,141.68,150.63,281373418
2024-03-11,2024,Tata Steel Limited,TATASTEEL.NS,NSE,152.21,152.21,132.53,135.74,320480492
2024-03-18,2024,Tata Steel Limited,TATASTEEL.NS,NSE,136.55,146.32,136.21,145.41,501934958
2024-03-25,2024,Tata Steel Limited,TATASTEEL.NS,NSE,145.41,150.39,144.17,149.29,150869629
2024-04-01,2024,Tata Steel Limited,TATASTEEL.NS,NSE,150.2,159.25,149.91,156.47,310818764
2024-04-08,2024,Tata Steel Limited,TATASTEEL.NS,NSE,159.92,162.65,156.14,156.62,231592784
2024-04-15,2024,Tata Steel Limited,TATASTEEL.NS,NSE,154.99,157.77,150.68,155.28,235989566
2024-04-22,2024,Tata Steel Limited,TATASTEEL.NS,NSE,156.91,163.52,154.03,158.82,244978522
2024-04-29,2024,Tata Steel Limited,TATASTEEL.NS,NSE,161.12,163.56,157.58,159.49,231843409
2024-05-06,2024,Tata Steel Limited,TATASTEEL.NS,NSE,160.88,161.55,154.7,155.42,173057332
2024-05-13,2024,Tata Steel Limited,TATASTEEL.NS,NSE,155.61,161.36,151.4,160.83,196333478
2024-05-20,2024,Tata Steel Limited,TATASTEEL.NS,NSE,160.31,170.08,160.31,167.49,215805641
2024-05-27,2024,Tata Steel Limited,TATASTEEL.NS,NSE,170.22,170.22,156.47,160.16,298722314
2024-06-03,2024,Tata Steel Limited,TATASTEEL.NS,NSE,165.96,172.09,141.91,171.37,413778885
2024-06-10,2024,Tata Steel Limited,TATASTEEL.NS,NSE,172.63,176.35,169.9,175.44,228325436
2024-06-17,2024,Tata Steel Limited,TATASTEEL.NS,NSE,175.44,176.83,170.68,172.37,166841262
2024-06-24,2024,Tata Steel Limited,TATASTEEL.NS,NSE,173.4,174.92,167.88,170.04,209493657
2024-07-01,2024,Tata Steel Limited,TATASTEEL.NS,NSE,170.52,174.13,169.45,170.73,157885636
2024-07-08,2024,Tata Steel Limited,TATASTEEL.NS,NSE,170.62,171.47,163.21,164.85,165431994
2024-07-15,2024,Tata Steel Limited,TATASTEEL.NS,NSE,164.85,165.95,153.62,154.17,173697454
2024-07-22,2024,Tata Steel Limited,TATASTEEL.NS,NSE,154.79,159.24,151.47,158.85,196315575
2024-07-29,2024,Tata Steel Limited,TATASTEEL.NS,NSE,160.95,165.1,151.19,154.61,318118225
2024-08-05,2024,Tata Steel Limited,TATASTEEL.NS,NSE,150.16,150.78,145.6,148.35,263569486
2024-08-12,2024,Tata Steel Limited,TATASTEEL.NS,NSE,147.56,149.9,139.11,146.11,211989728
2024-08-19,2024,Tata Steel Limited,TATASTEEL.NS,NSE,147.41,152.15,146.96,150.69,218408200
2024-08-26,2024,Tata Steel Limited,TATASTEEL.NS,NSE,151.09,152.93,147.75,149.28,181803490
2024-09-02,2024,Tata Steel Limited,TATASTEEL.NS,NSE,150.39,150.39,145.76,147.77,137650761
2024-09-09,2024,Tata Steel Limited,TATASTEEL.NS,NSE,147.46,151.86,144.26,149.99,226951448
2024-09-16,2024,Tata Steel Limited,TATASTEEL.NS,NSE,151.47,152.11,144.42,148.56,166494068
2024-09-23,2024,Tata Steel Limited,TATASTEEL.NS,NSE,150.86,165.16,149.32,162.75,390198554
2024-09-30,2024,Tata Steel Limited,TATASTEEL.NS,NSE,163.68,166.3,160.26,162.95,272983780
2024-10-07,2024,Tata Steel Limited,TATASTEEL.NS,NSE,163.29,164.12,153.03,157.0,266269449
2024-10-14,2024,Tata Steel Limited,TATASTEEL.NS,NSE,158.19,159.66,147.66,151.85,166204530
2024-10-21,2024,Tata Steel Limited,TATASTEEL.NS,NSE,152.54,154.33,141.14,142.54,168832701
2024-10-28,2024,Tata Steel Limited,TATASTEEL.NS,NSE,142.67,147.51,141.43,146.34,113497940
2024-11-04,2024,Tata Steel Limited,TATASTEEL.NS,NSE,146.58,153.34,141.79,144.21,267508068
2024-11-11,2024,Tata Steel Limited,TATASTEEL.NS,NSE,144.21,144.32,134.37,134.84,170313802
2024-11-18,2024,Tata Steel Limited,TATASTEEL.NS,NSE,136.31,139.99,134.12,139.53,179954664
2024-11-25,2024,Tata Steel Limited,TATASTEEL.NS,NSE,141.64,142.82,139.58,141.25,165078830
2024-12-02,2024,Tata Steel Limited,TATASTEEL.NS,NSE,140.83,145.29,139.88,144.91,164838531
2024-12-09,2024,Tata Steel Limited,TATASTEEL.NS,NSE,144.91,149.02,142.23,145.56,161300063
2024-12-16,2024,Tata Steel Limited,TATASTEEL.NS,NSE,145.55,146.39,136.81,137.47,143203811
2024-12-23,2024,Tata Steel Limited,TATASTEEL.NS,NSE,139.2,140.52,135.45,135.74,96899204
2024-12-30,2024,Tata Steel Limited,TATASTEEL.NS,NSE,135.74,136.55,132.99,135.21,117545768
2025-01-06,2025,Tata Steel Limited,TATASTEEL.NS,NSE,135.21,135.24,123.81,124.53,167188908
2025-01-13,2025,Tata Steel Limited,TATASTEEL.NS,NSE,123.13,128.17,119.83,127.31,144205174
2025-01-20,2025,Tata Steel Limited,TATASTEEL.NS,NSE,128.0,130.16,124.22,126.78,138130342
2025-01-27,2025,Tata Steel Limited,TATASTEEL.NS,NSE,126.08,132.41,121.9,129.94,154818251
2025-02-03,2025,Tata Steel Limited,TATASTEEL.NS,NSE,128.3,135.59,124.9,135.16,145114552
2025-02-10,2025,Tata Steel Limited,TATASTEEL.NS,NSE,134.95,136.08,125.39,131.41,181189367
2025-02-17,2025,Tata Steel Limited,TATASTEEL.NS,NSE,129.88,138.37,127.75,137.55,129722293
2025-02-24,2025,Tata Steel Limited,TATASTEEL.NS,NSE,135.65,137.45,131.0,134.07,125056446
2025-03-03,2025,Tata Steel Limited,TATASTEEL.NS,NSE,133.88,148.98,131.25,148.11,282841681
2025-03-10,2025,Tata Steel Limited,TATASTEEL.NS,NSE,148.11,150.73,144.33,147.44,165031211
2025-03-17,2025,Tata Steel Limited,TATASTEEL.NS,NSE,148.53,156.45,147.46,153.7,191115531
2025-03-24,2025,Tata Steel Limited,TATASTEEL.NS,NSE,154.4,155.38,149.87,150.73,133054212
2025-03-31,2025,Tata Steel Limited,TATASTEEL.NS,NSE,150.73,152.69,136.81,137.19,150083373
2025-04-07,2025,Tata Steel Limited,TATASTEEL.NS,NSE,125.08,133.1,122.44,130.38,337911973
2025-04-14,2025,Tata Steel Limited,TATASTEEL.NS,NSE,130.38,134.82,130.38,134.01,143934551
2025-04-21,2025,Tata Steel Limited,TATASTEEL.NS,NSE,134.51,140.18,133.93,135.69,183610592
2025-04-28,2025,Tata Steel Limited,TATASTEEL.NS,NSE,135.38,140.03,134.86,138.18,111523338
2025-05-05,2025,Tata Steel Limited,TATASTEEL.NS,NSE,138.34,143.6,137.31,139.53,146109713
2025-05-12,2025,Tata Steel Limited,TATASTEEL.NS,NSE,142.29,154.55,141.21,153.96,241430208
2025-05-19,2025,Tata Steel Limited,TATASTEEL.NS,NSE,154.4,159.87,152.57,159.26,206144938
2025-05-26,2025,Tata Steel Limited,TATASTEEL.NS,NSE,159.38,161.78,156.85,157.35,121117257
2025-06-02,2025,Tata Steel Limited,TATASTEEL.NS,NSE,155.38,156.99,150.73,153.9,125937103
2025-06-09,2025,Tata Steel Limited,TATASTEEL.NS,NSE,157.69,159.3,149.8,152.13,107808928
2025-06-16,2025,Tata Steel Limited,TATASTEEL.NS,NSE,152.01,154.89,150.5,151.97,97879957
2025-06-23,2025,Tata Steel Limited,TATASTEEL.NS,NSE,150.5,163.3,150.48,161.45,133380499
2025-06-30,2025,Tata Steel Limited,TATASTEEL.NS,NSE,160.99,168.78,157.73,163.01,180491487
2025-07-07,2025,Tata Steel Limited,TATASTEEL.NS,NSE,163.0,163.35,157.51,159.84,96963632
2025-07-14,2025,Tata Steel Limited,TATASTEEL.NS,NSE,159.84,162.75,157.0,162.37,100198891
2025-07-21,2025,Tata Steel Limited,TATASTEEL.NS,NSE,162.5,165.6,161.05,161.43,84536337
2025-07-28,2025,Tata Steel Limited,TATASTEEL.NS,NSE,161.23,162.79,152.51,153.01,100783578
2025-08-04,2025,Tata Steel Limited,TATASTEEL.NS,NSE,153.5,160.14,153.5,157.95,93055317
2025-08-11,2025,Tata Steel Limited,TATASTEEL.NS,NSE,157.95,162.4,154.83,155.3,99717856
2025-08-18,2025,Tata Steel Limited,TATASTEEL.NS,NSE,158.0,162.76,156.0,158.55,144113556
2025-08-25,2025,Tata Steel Limited,TATASTEEL.NS,NSE,159.2,160.33,153.05,154.48,75239376
2025-09-01,2025,Tata Steel Limited,TATASTEEL.NS,NSE,154.48,169.3,153.7,167.68,157467761
2025-09-08,2025,Tata Steel Limited,TATASTEEL.NS,NSE,170.0,172.5,167.99,169.78,89508095
2025-09-15,2025,Tata Steel Limited,TATASTEEL.NS,NSE,169.77,172.9,168.63,171.48,100441994
2025-09-22,2025,Tata Steel Limited,TATASTEEL.NS,NSE,170.8,174.44,167.2,167.4,102857362
2025-09-29,2025,Tata Steel Limited,TATASTEEL.NS,NSE,167.6,174.74,166.13,173.21,114101419
2025-10-06,2025,Tata Steel Limited,TATASTEEL.NS,NSE,173.3,177.82,169.3,173.86,149917238
2025-10-13,2025,Tata Steel Limited,TATASTEEL.NS,NSE,173.0,176.45,169.25,172.22,90365435
2025-10-20,2025,Tata Steel Limited,TATASTEEL.NS,NSE,173.3,177.35,170.82,174.44,77220452
2025-10-27,2025,Tata Steel Limited,TATASTEEL.NS,NSE,175.89,186.94,175.53,182.84,175267099
2025-11-03,2025,Tata Steel Limited,TATASTEEL.NS,NSE,182.4,184.1,175.01,181.37,78229013
2025-11-10,2025,Tata Steel Limited,TATASTEEL.NS,NSE,182.03,184.0,172.12,174.26,171951896
2025-11-17,2025,Tata Steel Limited,TATASTEEL.NS,NSE,175.13,175.25,167.7,168.0,126486035
2025-11-24,2025,Tata Steel Limited,TATASTEEL.NS,NSE,168.0,171.0,165.08,167.96,95753041
2025-12-01,2025,Tata Steel Limited,TATASTEEL.NS,NSE,169.0,169.65,165.0,167.11,90907841
2025-12-08,2025,Tata Steel Limited,TATASTEEL.NS,NSE,167.09,172.5,160.06,171.89,137810812
2025-12-15,2025,Tata Steel Limited,TATASTEEL.NS,NSE,170.95,173.17,167.56,168.69,99461910
2025-12-22,2025,Tata Steel Limited,TATASTEEL.NS,NSE,169.04,171.65,167.82,169.12,75412618
2025-12-29,2025,Tata Steel Limited,TATASTEEL.NS,NSE,169.51,183.85,169.29,182.88,177154863
2026-01-05,2026,Tata Steel Limited,TATASTEEL.NS,NSE,182.88,187.85,177.33,178.4,141165531
2026-01-12,2026,Tata Steel Limited,TATASTEEL.NS,NSE,178.4,191.0,177.64,188.21,126873645
2026-01-19,2026,Tata Steel Limited,TATASTEEL.NS,NSE,187.1,192.4,180.88,187.61,139016640
2026-01-26,2026,Tata Steel Limited,TATASTEEL.NS,NSE,187.61,202.99,184.26,185.38,215026249
2026-02-02,2026,Tata Steel Limited,TATASTEEL.NS,NSE,185.38,199.0,182.55,197.06,117669586
2026-02-09,2026,Tata Steel Limited,TATASTEEL.NS,NSE,202.0,211.1,197.55,203.18,242289739
2026-02-16,2026,Tata Steel Limited,TATASTEEL.NS,NSE,201.0,211.39,200.55,208.36,139151824
2026-02-23,2026,Tata Steel Limited,TATASTEEL.NS,NSE,210.0,216.45,205.5,212.33,146785319
2026-03-02,2026,Tata Steel Limited,TATASTEEL.NS,NSE,205.0,214.34,194.43,198.46,172204700
2026-03-09,2026,Tata Steel Limited,TATASTEEL.NS,NSE,193.45,198.88,182.26,183.51,170108187
2026-03-16,2026,Tata Steel Limited,TATASTEEL.NS,NSE,183.0,199.44,181.25,196.77,187843302
2026-03-23,2026,Tata Steel Limited,TATASTEEL.NS,NSE,193.0,197.15,186.51,193.22,150420781
2026-03-30,2026,Tata Steel Limited,TATASTEEL.NS,NSE,192.0,200.2,187.95,194.14,109362577
2026-04-06,2026,Tata Steel Limited,TATASTEEL.NS,NSE,193.02,209.0,190.25,206.61,162464012
2026-04-13,2026,Tata Steel Limited,TATASTEEL.NS,NSE,203.7,211.15,201.5,208.72,56704145
2020-12-28,2020,Reliance Industries Limited,RELIANCE.NS,NSE,901.42,905.5,898.7,901.19,10015175
2021-01-04,2021,Reliance Industries Limited,RELIANCE.NS,NSE,904.64,906.36,863.85,876.8,154904198
2021-01-11,2021,Reliance Industries Limited,RELIANCE.NS,NSE,879.11,895.5,858.12,878.5,143235339
2021-01-18,2021,Reliance Industries Limited,RELIANCE.NS,NSE,883.78,961.27,872.11,929.35,167652012
2021-01-25,2021,Reliance Industries Limited,RELIANCE.NS,NSE,922.71,922.71,829.78,835.2,174357432
2021-02-01,2021,Reliance Industries Limited,RELIANCE.NS,NSE,843.11,885.1,837.94,872.29,151827709
2021-02-08,2021,Reliance Industries Limited,RELIANCE.NS,NSE,876.51,942.23,873.9,925.73,135058004
2021-02-15,2021,Reliance Industries Limited,RELIANCE.NS,NSE,928.65,956.01,918.2,943.27,103006113
2021-02-22,2021,Reliance Industries Limited,RELIANCE.NS,NSE,943.14,975.78,904.57,945.77,132593014
2021-03-01,2021,Reliance Industries Limited,RELIANCE.NS,NSE,956.83,1006.57,935.2,987.89,113703405
2021-03-08,2021,Reliance Industries Limited,RELIANCE.NS,NSE,983.27,1012.01,963.04,969.25,63045635
2021-03-15,2021,Reliance Industries Limited,RELIANCE.NS,NSE,970.37,974.38,899.06,944.04,112217045
2021-03-22,2021,Reliance Industries Limited,RELIANCE.NS,NSE,939.06,956.6,894.94,904.44,94998307
2021-03-29,2021,Reliance Industries Limited,RELIANCE.NS,NSE,904.44,929.49,903.03,916.77,48415809
2021-04-05,2021,Reliance Industries Limited,RELIANCE.NS,NSE,918.18,928.13,889.68,898.72,82557719
2021-04-12,2021,Reliance Industries Limited,RELIANCE.NS,NSE,888.27,889.36,861.63,876.07,75693335
2021-04-19,2021,Reliance Industries Limited,RELIANCE.NS,NSE,863.33,870.13,850.95,863.49,62002287
2021-04-26,2021,Reliance Industries Limited,RELIANCE.NS,NSE,870.59,927.04,866.73,904.37,95203114
2021-05-03,2021,Reliance Industries Limited,RELIANCE.NS,NSE,891.45,897.34,864.51,875.92,84796839
2021-05-10,2021,Reliance Industries Limited,RELIANCE.NS,NSE,879.2,882.74,864.24,878.43,53889078
2021-05-17,2021,Reliance Industries Limited,RELIANCE.NS,NSE,878.43,914.32,875.3,908.02,62463135
2021-05-24,2021,Reliance Industries Limited,RELIANCE.NS,NSE,910.49,954.47,888.73,949.85,114101291
2021-05-31,2021,Reliance Industries Limited,RELIANCE.NS,NSE,953.11,1020.22,945.43,993.24,150211039
2021-06-07,2021,Reliance Industries Limited,RELIANCE.NS,NSE,998.46,1016.59,978.48,1003.51,65338900
2021-06-14,2021,Reliance Industries Limited,RELIANCE.NS,NSE,1007.85,1035.11,991.88,1012.7,91419001
2021-06-21,2021,Reliance Industries Limited,RELIANCE.NS,NSE,1002.62,1028.78,946.93,957.55,188529309
2021-06-28,2021,Reliance Industries Limited,RELIANCE.NS,NSE,965.54,970.5,946.88,968.74,93804990
2021-07-05,2021,Reliance Industries Limited,RELIANCE.NS,NSE,972.11,979.89,940.1,942.42,52450438
2021-07-12,2021,Reliance Industries Limited,RELIANCE.NS,NSE,946.31,962.24,943.92,961.17,42111510
2021-07-19,2021,Reliance Industries Limited,RELIANCE.NS,NSE,955.53,971.2,948.25,958.12,33005340
2021-07-26,2021,Reliance Industries Limited,RELIANCE.NS,NSE,959.17,965.08,917.42,926.09,61228385
2021-08-02,2021,Reliance Industries Limited,RELIANCE.NS,NSE,934.73,980.46,928.75,950.54,73785268
2021-08-09,2021,Reliance Industries Limited,RELIANCE.NS,NSE,946.88,978.23,940.28,976.3,49516817
2021-08-16,2021,Reliance Industries Limited,RELIANCE.NS,NSE,977.98,1002.39,968.33,977.48,54095755
2021-08-23,2021,Reliance Industries Limited,RELIANCE.NS,NSE,989.2,1021.46,970.22,1013.49,64169678
2021-08-30,2021,Reliance Industries Limited,RELIANCE.NS,NSE,1023.78,1089.75,1017.77,1086.8,92279209
2021-09-06,2021,Reliance Industries Limited,RELIANCE.NS,NSE,1097.94,1128.43,1095.05,1103.68,74256492
2021-09-13,2021,Reliance Industries Limited,RELIANCE.NS,NSE,1107.04,1117.44,1076.56,1087.73,82621606
2021-09-20,2021,Reliance Industries Limited,RELIANCE.NS,NSE,1079.33,1140.01,1078.38,1129.66,63632027
2021-09-27,2021,Reliance Industries Limited,RELIANCE.NS,NSE,1131.61,1169.38,1126.29,1148.31,65678549
2021-10-04,2021,Reliance Industries Limited,RELIANCE.NS,NSE,1161.65,1221.43,1154.39,1215.45,56820225
2021-10-11,2021,Reliance Industries Limited,RELIANCE.NS,NSE,1229.17,1237.63,1201.8,1228.71,40033908
2021-10-18,2021,Reliance Industries Limited,RELIANCE.NS,NSE,1214.25,1251.9,1184.49,1195.5,66997602
2021-10-25,2021,Reliance Industries Limited,RELIANCE.NS,NSE,1219.43,1219.43,1138.3,1154.02,60964099
2021-11-01,2021,Reliance Industries Limited,RELIANCE.NS,NSE,1154.02,1163.01,1119.78,1137.01,39745330
2021-11-08,2021,Reliance Industries Limited,RELIANCE.NS,NSE,1146.36,1182.46,1117.69,1179.89,65707969
2021-11-15,2021,Reliance Industries Limited,RELIANCE.NS,NSE,1183.03,1184.03,1114.8,1125.38,34848504
2021-11-22,2021,Reliance Industries Limited,RELIANCE.NS,NSE,1108.45,1138.44,1050.62,1097.76,124436676
2021-11-29,2021,Reliance Industries Limited,RELIANCE.NS,NSE,1109.82,1137.53,1086.96,1095.78,98545155
2021-12-06,2021,Reliance Industries Limited,RELIANCE.NS,NSE,1099.31,1126.11,1072.53,1118.85,51889515
2021-12-13,2021,Reliance Industries Limited,RELIANCE.NS,NSE,1125.47,1125.75,1055.63,1064.93,66071325
2021-12-20,2021,Reliance Industries Limited,RELIANCE.NS,NSE,1054.65,1088.39,1022.46,1079.65,61779845
2021-12-27,2021,Reliance Industries Limited,RELIANCE.NS,NSE,1074.53,1100.67,1067.28,1077.54,64627609
2022-01-03,2022,Reliance Industries Limited,RELIANCE.NS,NSE,1076.1,1127.06,1075.44,1108.41,55472689
2022-01-10,2022,Reliance Industries Limited,RELIANCE.NS,NSE,1115.69,1168.15,1099.33,1155.28,72039225
2022-01-17,2022,Reliance Industries Limited,RELIANCE.NS,NSE,1154.82,1167.11,1115.69,1127.45,53840047
2022-01-24,2022,Reliance Industries Limited,RELIANCE.NS,NSE,1126.15,1139.69,1048.8,1062.84,81067300
2022-01-31,2022,Reliance Industries Limited,RELIANCE.NS,NSE,1073.92,1101.4,1056.13,1060.77,55995963
2022-02-07,2022,Reliance Industries Limited,RELIANCE.NS,NSE,1065.64,1090.07,1048.8,1081.29,62669402
2022-02-14,2022,Reliance Industries Limited,RELIANCE.NS,NSE,1064.84,1117.69,1052.44,1103.13,51953854
2022-02-21,2022,Reliance Industries Limited,RELIANCE.NS,NSE,1097.49,1109.09,1020.77,1039.22,71328956
2022-02-28,2022,Reliance Industries Limited,RELIANCE.NS,NSE,1020.59,1098.79,1020.59,1058.15,63761647
2022-03-07,2022,Reliance Industries Limited,RELIANCE.NS,NSE,1036.84,1097.03,991.93,1091.64,89924828
2022-03-14,2022,Reliance Industries Limited,RELIANCE.NS,NSE,1086.07,1136.35,1065.11,1129.2,56838373
2022-03-21,2022,Reliance Industries Limited,RELIANCE.NS,NSE,1112.05,1190.31,1109.77,1181.14,77409472
2022-03-28,2022,Reliance Industries Limited,RELIANCE.NS,NSE,1187.58,1223.07,1176.89,1208.44,55533637
2022-04-04,2022,Reliance Industries Limited,RELIANCE.NS,NSE,1208.26,1217.16,1164.83,1190.15,63985241
2022-04-11,2022,Reliance Industries Limited,RELIANCE.NS,NSE,1183.03,1200.57,1158.23,1161.03,32826186
2022-04-18,2022,Reliance Industries Limited,RELIANCE.NS,NSE,1152.55,1274.94,1147.45,1255.29,97951071
2022-04-25,2022,Reliance Industries Limited,RELIANCE.NS,NSE,1247.83,1299.58,1211.99,1269.6,92458764
2022-05-02,2022,Reliance Industries Limited,RELIANCE.NS,NSE,1256.74,1276.54,1180.1,1192.43,65575283
2022-05-09,2022,Reliance Industries Limited,RELIANCE.NS,NSE,1171.63,1181.71,1078.38,1104.13,94038427
2022-05-16,2022,Reliance Industries Limited,RELIANCE.NS,NSE,1107.7,1203.23,1099.6,1194.16,83758736
2022-05-23,2022,Reliance Industries Limited,RELIANCE.NS,NSE,1197.36,1208.83,1155.78,1171.7,75899113
2022-05-30,2022,Reliance Industries Limited,RELIANCE.NS,NSE,1189.86,1281.93,1180.39,1264.71,140317400
2022-06-06,2022,Reliance Industries Limited,RELIANCE.NS,NSE,1264.93,1280.4,1229.22,1235.02,71302019
2022-06-13,2022,Reliance Industries Limited,RELIANCE.NS,NSE,1205.78,1216.16,1162.1,1178.48,85099312
2022-06-20,2022,Reliance Industries Limited,RELIANCE.NS,NSE,1185.31,1190.81,1112.5,1137.55,68090609
2022-06-27,2022,Reliance Industries Limited,RELIANCE.NS,NSE,1157.98,1190.27,1076.1,1095.99,153362630
2022-07-04,2022,Reliance Industries Limited,RELIANCE.NS,NSE,1082.45,1121.56,1076.6,1088.12,125759922
2022-07-11,2022,Reliance Industries Limited,RELIANCE.NS,NSE,1081.34,1110.09,1078.38,1092.85,65424113
2022-07-18,2022,Reliance Industries Limited,RELIANCE.NS,NSE,1101.58,1156.87,1088.53,1138.94,83018267
2022-07-25,2022,Reliance Industries Limited,RELIANCE.NS,NSE,1122.72,1145.31,1092.94,1141.83,70695582
2022-08-01,2022,Reliance Industries Limited,RELIANCE.NS,NSE,1146.24,1191.11,1140.99,1153.0,72278499
2022-08-08,2022,Reliance Industries Limited,RELIANCE.NS,NSE,1151.64,1201.85,1151.64,1198.05,41738679
2022-08-15,2022,Reliance Industries Limited,RELIANCE.NS,NSE,1198.05,1218.02,1185.28,1189.33,30074102
2022-08-22,2022,Reliance Industries Limited,RELIANCE.NS,NSE,1194.65,1218.85,1180.5,1195.11,48133770
2022-08-29,2022,Reliance Industries Limited,RELIANCE.NS,NSE,1180.04,1212.0,1152.97,1155.16,75887313
2022-09-05,2022,Reliance Industries Limited,RELIANCE.NS,NSE,1155.39,1191.46,1155.39,1172.88,45087861
2022-09-12,2022,Reliance Industries Limited,RELIANCE.NS,NSE,1173.45,1200.45,1137.13,1140.88,55585603
2022-09-19,2022,Reliance Industries Limited,RELIANCE.NS,NSE,1140.88,1158.45,1112.07,1113.62,45035232
2022-09-26,2022,Reliance Industries Limited,RELIANCE.NS,NSE,1092.88,1107.46,1054.96,1085.43,78916255
2022-10-03,2022,Reliance Industries Limited,RELIANCE.NS,NSE,1091.71,1118.42,1078.7,1110.36,41868075
2022-10-10,2022,Reliance Industries Limited,RELIANCE.NS,NSE,1097.87,1103.63,1069.62,1082.22,39396388
2022-10-17,2022,Reliance Industries Limited,RELIANCE.NS,NSE,1075.05,1153.96,1069.85,1128.28,65352822
2022-10-24,2022,Reliance Industries Limited,RELIANCE.NS,NSE,1122.98,1157.22,1110.56,1153.18,45725925
2022-10-31,2022,Reliance Industries Limited,RELIANCE.NS,NSE,1159.96,1186.89,1144.89,1183.58,54634269
2022-11-07,2022,Reliance Industries Limited,RELIANCE.NS,NSE,1182.78,1203.33,1170.0,1201.41,41320327
2022-11-14,2022,Reliance Industries Limited,RELIANCE.NS,NSE,1200.93,1206.06,1173.7,1185.82,37810354
2022-11-21,2022,Reliance Industries Limited,RELIANCE.NS,NSE,1181.41,1198.26,1157.9,1194.93,36154525
2022-11-28,2022,Reliance Industries Limited,RELIANCE.NS,NSE,1190.95,1257.65,1142.15,1242.65,89826776
2022-12-05,2022,Reliance Industries Limited,RELIANCE.NS,NSE,1238.02,1240.19,1187.74,1191.05,52297663
2022-12-12,2022,Reliance Industries Limited,RELIANCE.NS,NSE,1180.27,1204.67,1167.79,1171.19,49608037
2022-12-19,2022,Reliance Industries Limited,RELIANCE.NS,NSE,1178.22,1201.96,1137.7,1142.25,41433308
2022-12-26,2022,Reliance Industries Limited,RELIANCE.NS,NSE,1147.97,1176.39,1137.77,1162.79,33433030
2023-01-02,2023,Reliance Industries Limited,RELIANCE.NS,NSE,1164.07,1177.3,1143.07,1158.09,42226694
2023-01-09,2023,Reliance Industries Limited,RELIANCE.NS,NSE,1161.92,1189.63,1111.39,1126.45,68586804
2023-01-16,2023,Reliance Industries Limited,RELIANCE.NS,NSE,1128.78,1137.18,1107.92,1115.06,64693481
2023-01-23,2023,Reliance Industries Limited,RELIANCE.NS,NSE,1117.96,1125.81,1055.26,1066.99,65658866
2023-01-30,2023,Reliance Industries Limited,RELIANCE.NS,NSE,1064.41,1089.95,1046.75,1063.18,102173735
2023-02-06,2023,Reliance Industries Limited,RELIANCE.NS,NSE,1056.79,1082.28,1046.75,1066.67,75096854
2023-02-13,2023,Reliance Industries Limited,RELIANCE.NS,NSE,1068.29,1124.72,1056.13,1113.94,87252011
2023-02-20,2023,Reliance Industries Limited,RELIANCE.NS,NSE,1116.13,1118.3,1077.95,1088.15,52458827
2023-02-27,2023,Reliance Industries Limited,RELIANCE.NS,NSE,1087.37,1092.6,1056.17,1088.93,68722240
2023-03-06,2023,Reliance Industries Limited,RELIANCE.NS,NSE,1095.59,1106.82,1056.81,1060.3,55523792
2023-03-13,2023,Reliance Industries Limited,RELIANCE.NS,NSE,1063.18,1070.03,1005.3,1014.84,102905041
2023-03-20,2023,Reliance Industries Limited,RELIANCE.NS,NSE,1011.14,1046.04,995.16,1005.8,80470358
2023-03-27,2023,Reliance Industries Limited,RELIANCE.NS,NSE,1012.28,1069.78,1004.38,1064.12,73606013
2023-04-03,2023,Reliance Industries Limited,RELIANCE.NS,NSE,1070.48,1074.59,1053.85,1068.86,44991017
2023-04-10,2023,Reliance Industries Limited,RELIANCE.NS,NSE,1072.77,1080.89,1059.78,1075.28,54061070
2023-04-17,2023,Reliance Industries Limited,RELIANCE.NS,NSE,1106.98,1106.98,1061.81,1072.31,55263177
2023-04-24,2023,Reliance Industries Limited,RELIANCE.NS,NSE,1084.18,1106.5,1071.85,1104.95,55522481
2023-05-01,2023,Reliance Industries Limited,RELIANCE.NS,NSE,1104.95,1123.6,1101.55,1114.65,37425495
2023-05-08,2023,Reliance Industries Limited,RELIANCE.NS,NSE,1118.42,1145.58,1115.75,1134.1,44003959
2023-05-15,2023,Reliance Industries Limited,RELIANCE.NS,NSE,1136.63,1143.32,1104.2,1114.74,42925517
2023-05-22,2023,Reliance Industries Limited,RELIANCE.NS,NSE,1111.57,1145.35,1102.92,1144.21,45753317
2023-05-29,2023,Reliance Industries Limited,RELIANCE.NS,NSE,1150.83,1158.45,1118.87,1120.79,78854071
2023-06-05,2023,Reliance Industries Limited,RELIANCE.NS,NSE,1126.27,1148.93,1122.27,1133.0,46662663
2023-06-12,2023,Reliance Industries Limited,RELIANCE.NS,NSE,1130.06,1178.86,1125.26,1176.57,66902438
2023-06-19,2023,Reliance Industries Limited,RELIANCE.NS,NSE,1179.59,1179.59,1146.72,1147.97,34928989
2023-06-26,2023,Reliance Industries Limited,RELIANCE.NS,NSE,1144.44,1167.1,1135.15,1164.18,44836186
2023-07-03,2023,Reliance Industries Limited,RELIANCE.NS,NSE,1167.74,1216.54,1166.51,1202.23,62957346
2023-07-10,2023,Reliance Industries Limited,RELIANCE.NS,NSE,1227.47,1279.1,1221.13,1251.12,101850277
2023-07-17,2023,Reliance Industries Limited,RELIANCE.NS,NSE,1254.0,1303.75,1245.32,1255.61,156176371
2023-07-24,2023,Reliance Industries Limited,RELIANCE.NS,NSE,1227.05,1259.69,1221.26,1250.22,86719648
2023-07-31,2023,Reliance Industries Limited,RELIANCE.NS,NSE,1250.22,1265.63,1215.7,1241.17,63889980
2023-08-07,2023,Reliance Industries Limited,RELIANCE.NS,NSE,1246.83,1265.55,1227.1,1259.77,64963456
2023-08-14,2023,Reliance Industries Limited,RELIANCE.NS,NSE,1255.74,1277.4,1240.68,1264.54,52092646
2023-08-21,2023,Reliance Industries Limited,RELIANCE.NS,NSE,1256.21,1263.87,1208.06,1220.8,62815162
2023-08-28,2023,Reliance Industries Limited,RELIANCE.NS,NSE,1226.92,1232.87,1191.13,1197.46,81377858
2023-09-04,2023,Reliance Industries Limited,RELIANCE.NS,NSE,1197.46,1218.98,1193.81,1215.11,62985732
2023-09-11,2023,Reliance Industries Limited,RELIANCE.NS,NSE,1216.99,1232.38,1204.21,1219.9,77008306
2023-09-18,2023,Reliance Industries Limited,RELIANCE.NS,NSE,1211.06,1216.5,1166.37,1168.82,96001152
2023-09-25,2023,Reliance Industries Limited,RELIANCE.NS,NSE,1166.57,1182.75,1153.96,1163.89,62925804
2023-10-02,2023,Reliance Industries Limited,RELIANCE.NS,NSE,1163.89,1163.89,1139.12,1150.48,35530150
2023-10-09,2023,Reliance Industries Limited,RELIANCE.NS,NSE,1145.57,1171.01,1139.07,1166.02,50331794
2023-10-16,2023,Reliance Industries Limited,RELIANCE.NS,NSE,1163.89,1174.8,1139.71,1141.1,43721404
2023-10-23,2023,Reliance Industries Limited,RELIANCE.NS,NSE,1136.59,1144.65,1101.99,1124.58,46468268
2023-10-30,2023,Reliance Industries Limited,RELIANCE.NS,NSE,1128.65,1158.9,1126.64,1151.33,59343192
2023-11-06,2023,Reliance Industries Limited,RELIANCE.NS,NSE,1157.58,1161.9,1140.58,1148.95,47740566
2023-11-13,2023,Reliance Industries Limited,RELIANCE.NS,NSE,1152.92,1178.35,1147.36,1169.12,36969002
2023-11-20,2023,Reliance Industries Limited,RELIANCE.NS,NSE,1165.65,1192.47,1159.62,1188.16,36520478
2023-11-27,2023,Reliance Industries Limited,RELIANCE.NS,NSE,1188.16,1197.11,1176.24,1188.35,69106306
2023-12-04,2023,Reliance Industries Limited,RELIANCE.NS,NSE,1216.0,1229.25,1190.49,1218.85,63054046
2023-12-11,2023,Reliance Industries Limited,RELIANCE.NS,NSE,1218.98,1240.82,1194.31,1238.63,59198950
2023-12-18,2023,Reliance Industries Limited,RELIANCE.NS,NSE,1238.63,1289.88,1236.32,1273.1,79029752
2023-12-25,2023,Reliance Industries Limited,RELIANCE.NS,NSE,1273.1,1297.4,1271.94,1282.98,39837040
2024-01-01,2024,Reliance Industries Limited,RELIANCE.NS,NSE,1280.8,1307.32,1277.05,1294.27,38216060
2024-01-08,2024,Reliance Industries Limited,RELIANCE.NS,NSE,1295.41,1363.24,1275.04,1360.65,62978482
2024-01-15,2024,Reliance Industries Limited,RELIANCE.NS,NSE,1364.9,1386.19,1341.32,1357.4,50579142
2024-01-22,2024,Reliance Industries Limited,RELIANCE.NS,NSE,1357.4,1361.67,1312.83,1343.13,53783420
2024-01-29,2024,Reliance Industries Limited,RELIANCE.NS,NSE,1354.48,1464.06,1350.18,1446.99,86119592
2024-02-05,2024,Reliance Industries Limited,RELIANCE.NS,NSE,1450.02,1461.16,1409.39,1450.02,54410416
2024-02-12,2024,Reliance Industries Limited,RELIANCE.NS,NSE,1450.02,1473.82,1431.75,1449.84,41282192
2024-02-19,2024,Reliance Industries Limited,RELIANCE.NS,NSE,1451.31,1486.55,1442.85,1482.65,59499928
2024-02-26,2024,Reliance Industries Limited,RELIANCE.NS,NSE,1482.58,1488.98,1439.52,1481.16,62749002
2024-03-04,2024,Reliance Industries Limited,RELIANCE.NS,NSE,1479.52,1501.34,1464.71,1468.06,33253490
2024-03-11,2024,Reliance Industries Limited,RELIANCE.NS,NSE,1478.06,1478.06,1402.52,1407.81,72026862
2024-03-18,2024,Reliance Industries Limited,RELIANCE.NS,NSE,1409.57,1449.27,1406.12,1444.33,58468506
2024-03-25,2024,Reliance Industries Limited,RELIANCE.NS,NSE,1444.33,1494.89,1428.43,1474.93,49596914
2024-04-01,2024,Reliance Industries Limited,RELIANCE.NS,NSE,1481.51,1483.02,1439.35,1449.37,42864908
2024-04-08,2024,Reliance Industries Limited,RELIANCE.NS,NSE,1452.23,1480.02,1450.27,1456.37,40117874
2024-04-15,2024,Reliance Industries Limited,RELIANCE.NS,NSE,1450.27,1475.08,1432.42,1459.32,57015716
2024-04-22,2024,Reliance Industries Limited,RELIANCE.NS,NSE,1461.63,1482.53,1430.91,1441.88,60776466
2024-04-29,2024,Reliance Industries Limited,RELIANCE.NS,NSE,1439.35,1472.18,1405.75,1423.46,50461840
2024-05-06,2024,Reliance Industries Limited,RELIANCE.NS,NSE,1424.95,1429.42,1377.88,1397.08,52865390
2024-05-13,2024,Reliance Industries Limited,RELIANCE.NS,NSE,1389.61,1428.92,1373.83,1424.28,46745744
2024-05-20,2024,Reliance Industries Limited,RELIANCE.NS,NSE,1425.15,1481.26,1415.13,1469.37,43160768
2024-05-27,2024,Reliance Industries Limited,RELIANCE.NS,NSE,1469.35,1473.99,1409.67,1419.89,66109418
2024-06-03,2024,Reliance Industries Limited,RELIANCE.NS,NSE,1472.1,1503.37,1349.31,1459.15,112116348
2024-06-10,2024,Reliance Industries Limited,RELIANCE.NS,NSE,1459.15,1482.38,1443.99,1466.69,48447562
2024-06-17,2024,Reliance Industries Limited,RELIANCE.NS,NSE,1466.69,1476.57,1429.99,1443.52,63206776
2024-06-24,2024,Reliance Industries Limited,RELIANCE.NS,NSE,1434.9,1569.38,1426.94,1553.9,95279020
2024-07-01,2024,Reliance Industries Limited,RELIANCE.NS,NSE,1551.05,1586.76,1531.44,1576.95,43630058
2024-07-08,2024,Reliance Industries Limited,RELIANCE.NS,NSE,1577.33,1596.98,1551.67,1584.99,48461116
2024-07-15,2024,Reliance Industries Limited,RELIANCE.NS,NSE,1592.66,1594.05,1541.39,1543.72,40155290
2024-07-22,2024,Reliance Industries Limited,RELIANCE.NS,NSE,1525.96,1526.2,1452.25,1497.94,72019598
2024-07-29,2024,Reliance Industries Limited,RELIANCE.NS,NSE,1500.84,1516.28,1482.3,1488.31,46856574
2024-08-05,2024,Reliance Industries Limited,RELIANCE.NS,NSE,1469.13,1473.0,1422.72,1463.47,54094426
2024-08-12,2024,Reliance Industries Limited,RELIANCE.NS,NSE,1459.2,1469.52,1443.02,1467.34,30134016
2024-08-19,2024,Reliance Industries Limited,RELIANCE.NS,NSE,1471.61,1500.22,1469.62,1488.95,49674982
2024-08-26,2024,Reliance Industries Limited,RELIANCE.NS,NSE,1500.98,1533.6,1487.06,1503.62,104633644
2024-09-02,2024,Reliance Industries Limited,RELIANCE.NS,NSE,1504.86,1520.73,1455.81,1459.0,69806352
2024-09-09,2024,Reliance Industries Limited,RELIANCE.NS,NSE,1460.67,1480.09,1440.12,1466.77,60599464
2024-09-16,2024,Reliance Industries Limited,RELIANCE.NS,NSE,1471.67,1489.05,1449.76,1480.01,67845038
2024-09-23,2024,Reliance Industries Limited,RELIANCE.NS,NSE,1485.07,1527.37,1474.31,1520.1,72455236
2024-09-30,2024,Reliance Industries Limited,RELIANCE.NS,NSE,1513.36,1518.91,1376.28,1381.01,118270626
2024-10-07,2024,Reliance Industries Limited,RELIANCE.NS,NSE,1387.96,1395.43,1355.96,1366.64,83851526
2024-10-14,2024,Reliance Industries Limited,RELIANCE.NS,NSE,1373.96,1374.58,1332.3,1353.89,93644776
2024-10-21,2024,Reliance Industries Limited,RELIANCE.NS,NSE,1361.69,1370.53,1316.74,1322.57,87867540
2024-10-28,2024,Reliance Industries Limited,RELIANCE.NS,NSE,1331.68,1347.62,1315.05,1333.32,46276119
2024-11-04,2024,Reliance Industries Limited,RELIANCE.NS,NSE,1332.53,1334.67,1269.93,1278.64,87115958
2024-11-11,2024,Reliance Industries Limited,RELIANCE.NS,NSE,1273.86,1284.17,1244.53,1262.56,46973909
2024-11-18,2024,Reliance Industries Limited,RELIANCE.NS,NSE,1262.56,1276.4,1212.41,1260.37,67710157
2024-11-25,2024,Reliance Industries Limited,RELIANCE.NS,NSE,1284.87,1299.26,1264.0,1287.06,75973363
2024-12-02,2024,Reliance Industries Limited,RELIANCE.NS,NSE,1282.88,1324.66,1271.97,1306.33,73398411
2024-12-09,2024,Reliance Industries Limited,RELIANCE.NS,NSE,1297.82,1309.77,1234.67,1267.79,91955139
2024-12-16,2024,Reliance Industries Limited,RELIANCE.NS,NSE,1269.93,1275.9,1196.72,1200.51,74177300
2024-12-23,2024,Reliance Industries Limited,RELIANCE.NS,NSE,1210.17,1228.64,1208.37,1216.19,33804316
2024-12-30,2024,Reliance Industries Limited,RELIANCE.NS,NSE,1211.56,1257.03,1201.35,1246.17,52124209
2025-01-06,2025,Reliance Industries Limited,RELIANCE.NS,NSE,1248.96,1265.99,1210.17,1236.96,65148886
2025-01-13,2025,Reliance Industries Limited,RELIANCE.NS,NSE,1225.11,1320.73,1221.52,1297.17,79922863
2025-01-20,2025,Reliance Industries Limited,RELIANCE.NS,NSE,1310.76,1310.76,1238.55,1241.34,61833462
2025-01-27,2025,Reliance Industries Limited,RELIANCE.NS,NSE,1234.17,1265.5,1213.65,1259.57,49004524
2025-02-03,2025,Reliance Industries Limited,RELIANCE.NS,NSE,1246.02,1285.37,1232.63,1261.66,54775726
2025-02-10,2025,Reliance Industries Limited,RELIANCE.NS,NSE,1259.47,1261.46,1188.6,1212.41,55771701
2025-02-17,2025,Reliance Industries Limited,RELIANCE.NS,NSE,1206.28,1235.07,1199.71,1223.26,35756878
2025-02-24,2025,Reliance Industries Limited,RELIANCE.NS,NSE,1211.71,1218.38,1188.55,1195.33,53241193
2025-03-03,2025,Reliance Industries Limited,RELIANCE.NS,NSE,1199.21,1249.81,1151.4,1244.83,68929385
2025-03-10,2025,Reliance Industries Limited,RELIANCE.NS,NSE,1240.05,1259.12,1224.86,1242.94,43503714
2025-03-17,2025,Reliance Industries Limited,RELIANCE.NS,NSE,1237.21,1275.9,1228.19,1271.27,70555562
2025-03-24,2025,Reliance Industries Limited,RELIANCE.NS,NSE,1285.86,1302.5,1263.7,1270.03,79263150
2025-03-31,2025,Reliance Industries Limited,RELIANCE.NS,NSE,1270.03,1272.82,1188.4,1199.91,47585256
2025-04-07,2025,Reliance Industries Limited,RELIANCE.NS,NSE,1127.7,1217.79,1110.42,1214.1,63158492
2025-04-14,2025,Reliance Industries Limited,RELIANCE.NS,NSE,1214.1,1275.11,1214.1,1269.43,37025400
2025-04-21,2025,Reliance Industries Limited,RELIANCE.NS,NSE,1264.95,1319.93,1261.96,1295.23,58862511
2025-04-28,2025,Reliance Industries Limited,RELIANCE.NS,NSE,1334.67,1421.02,1314.95,1414.15,102132052
2025-05-05,2025,Reliance Industries Limited,RELIANCE.NS,NSE,1425.31,1433.77,1369.03,1371.72,69985014
2025-05-12,2025,Reliance Industries Limited,RELIANCE.NS,NSE,1394.43,1455.59,1394.43,1450.61,56866043
2025-05-19,2025,Reliance Industries Limited,RELIANCE.NS,NSE,1446.32,1448.81,1391.34,1421.12,42212064
2025-05-26,2025,Reliance Industries Limited,RELIANCE.NS,NSE,1426.3,1435.27,1403.0,1415.25,50988370
2025-06-02,2025,Reliance Industries Limited,RELIANCE.NS,NSE,1406.48,1448.91,1390.05,1437.76,49377099
2025-06-09,2025,Reliance Industries Limited,RELIANCE.NS,NSE,1451.2,1462.76,1408.67,1422.22,42579396
2025-06-16,2025,Reliance Industries Limited,RELIANCE.NS,NSE,1421.22,1465.15,1418.73,1460.37,64524292
2025-06-23,2025,Reliance Industries Limited,RELIANCE.NS,NSE,1447.22,1515.95,1436.26,1509.37,55692618
2025-06-30,2025,Reliance Industries Limited,RELIANCE.NS,NSE,1507.78,1525.81,1490.05,1521.22,43025844
2025-07-07,2025,Reliance Industries Limited,RELIANCE.NS,NSE,1520.53,1544.83,1484.37,1489.25,40575115
2025-07-14,2025,Reliance Industries Limited,RELIANCE.NS,NSE,1486.26,1494.03,1463.26,1470.13,51005214
2025-07-21,2025,Reliance Industries Limited,RELIANCE.NS,NSE,1459.17,1470.13,1378.59,1386.16,77788889
2025-07-28,2025,Reliance Industries Limited,RELIANCE.NS,NSE,1386.76,1417.64,1376.7,1388.16,53095280
2025-08-04,2025,Reliance Industries Limited,RELIANCE.NS,NSE,1389.55,1410.47,1359.57,1362.36,40233415
2025-08-11,2025,Reliance Industries Limited,RELIANCE.NS,NSE,1364.55,1396.32,1355.79,1368.34,36825299
2025-08-18,2025,Reliance Industries Limited,RELIANCE.NS,NSE,1390.0,1431.9,1377.0,1409.2,51735660
2025-08-25,2025,Reliance Industries Limited,RELIANCE.NS,NSE,1414.7,1419.5,1350.0,1357.2,50045321
2025-09-01,2025,Reliance Industries Limited,RELIANCE.NS,NSE,1356.0,1384.5,1340.6,1375.0,49597559
2025-09-08,2025,Reliance Industries Limited,RELIANCE.NS,NSE,1380.0,1396.3,1368.7,1395.0,41701427
2025-09-15,2025,Reliance Industries Limited,RELIANCE.NS,NSE,1393.0,1422.0,1388.6,1407.4,44397090
2025-09-22,2025,Reliance Industries Limited,RELIANCE.NS,NSE,1403.9,1410.7,1366.0,1377.6,48985683
2025-09-29,2025,Reliance Industries Limited,RELIANCE.NS,NSE,1381.6,1389.0,1356.9,1363.4,53724946
2025-10-06,2025,Reliance Industries Limited,RELIANCE.NS,NSE,1360.0,1395.9,1359.0,1381.7,47365418
2025-10-13,2025,Reliance Industries Limited,RELIANCE.NS,NSE,1376.9,1423.3,1367.8,1416.8,59903092
2025-10-20,2025,Reliance Industries Limited,RELIANCE.NS,NSE,1440.0,1482.9,1433.3,1451.6,55196074
2025-10-27,2025,Reliance Industries Limited,RELIANCE.NS,NSE,1463.0,1508.3,1458.0,1486.4,61706905
2025-11-03,2025,Reliance Industries Limited,RELIANCE.NS,NSE,1486.0,1501.6,1470.1,1478.0,43054334
2025-11-10,2025,Reliance Industries Limited,RELIANCE.NS,NSE,1477.9,1524.7,1475.5,1518.9,41459669
2025-11-17,2025,Reliance Industries Limited,RELIANCE.NS,NSE,1520.9,1557.8,1510.5,1546.6,50395819
2025-11-24,2025,Reliance Industries Limited,RELIANCE.NS,NSE,1550.0,1581.3,1525.1,1567.5,66275883
2025-12-01,2025,Reliance Industries Limited,RELIANCE.NS,NSE,1575.0,1577.5,1517.6,1540.6,48451462
2025-12-08,2025,Reliance Industries Limited,RELIANCE.NS,NSE,1539.2,1559.8,1520.1,1556.5,40609943
2025-12-15,2025,Reliance Industries Limited,RELIANCE.NS,NSE,1551.2,1574.2,1535.2,1565.1,45141152
2025-12-22,2025,Reliance Industries Limited,RELIANCE.NS,NSE,1573.5,1580.9,1553.6,1559.2,28818656
2025-12-29,2025,Reliance Industries Limited,RELIANCE.NS,NSE,1554.9,1594.6,1537.8,1592.3,33570177
2026-01-05,2026,Reliance Industries Limited,RELIANCE.NS,NSE,1593.0,1611.8,1465.0,1475.3,72175433
2026-01-12,2026,Reliance Industries Limited,RELIANCE.NS,NSE,1475.3,1485.8,1440.2,1457.9,47872430
2026-01-19,2026,Reliance Industries Limited,RELIANCE.NS,NSE,1450.6,1450.6,1373.0,1386.1,76494478
2026-01-26,2026,Reliance Industries Limited,RELIANCE.NS,NSE,1386.1,1411.0,1335.0,1347.0,79225099
2026-02-02,2026,Reliance Industries Limited,RELIANCE.NS,NSE,1340.0,1489.5,1335.5,1450.8,69541685
2026-02-09,2026,Reliance Industries Limited,RELIANCE.NS,NSE,1458.0,1473.0,1416.3,1419.6,45033463
2026-02-16,2026,Reliance Industries Limited,RELIANCE.NS,NSE,1420.1,1443.0,1400.0,1419.4,42211574
2026-02-23,2026,Reliance Industries Limited,RELIANCE.NS,NSE,1425.0,1440.5,1388.1,1393.9,59732355
2026-03-02,2026,Reliance Industries Limited,RELIANCE.NS,NSE,1375.5,1424.3,1307.0,1404.8,101493232
2026-03-09,2026,Reliance Industries Limited,RELIANCE.NS,NSE,1375.0,1434.0,1370.0,1380.7,102995217
2026-03-16,2026,Reliance Industries Limited,RELIANCE.NS,NSE,1380.0,1430.0,1363.5,1414.4,90898164
2026-03-23,2026,Reliance Industries Limited,RELIANCE.NS,NSE,1400.0,1430.5,1345.0,1348.1,79908295
2026-03-30,2026,Reliance Industries Limited,RELIANCE.NS,NSE,1335.0,1384.4,1328.0,1350.5,60078531
2026-04-06,2026,Reliance Industries Limited,RELIANCE.NS,NSE,1359.0,1359.0,1290.0,1350.2,119571197
2026-04-13,2026,Reliance Industries Limited,RELIANCE.NS,NSE,1321.2,1347.0,1310.0,1344.1,44057924
2020-12-28,2020,Wipro Limited,WIPRO.NS,NSE,177.47,180.1,177.47,178.88,10084672
2021-01-04,2021,Wipro Limited,WIPRO.NS,NSE,179.76,199.41,178.74,198.28,221473506
2021-01-11,2021,Wipro Limited,WIPRO.NS,NSE,200.96,215.45,198.19,202.13,391036524
2021-01-18,2021,Wipro Limited,WIPRO.NS,NSE,203.26,209.0,197.13,204.99,177836490
2021-01-25,2021,Wipro Limited,WIPRO.NS,NSE,205.64,210.07,191.96,193.05,134830470
2021-02-01,2021,Wipro Limited,WIPRO.NS,NSE,192.22,203.23,188.57,196.58,108324682
2021-02-08,2021,Wipro Limited,WIPRO.NS,NSE,198.8,208.69,196.93,204.18,162233530
2021-02-15,2021,Wipro Limited,WIPRO.NS,NSE,205.38,206.86,196.84,198.62,89106538
2021-02-22,2021,Wipro Limited,WIPRO.NS,NSE,198.96,199.95,188.48,189.54,91122140
2021-03-01,2021,Wipro Limited,WIPRO.NS,NSE,189.86,205.24,189.03,194.41,173948702
2021-03-08,2021,Wipro Limited,WIPRO.NS,NSE,196.37,199.93,189.42,196.42,101023922
2021-03-15,2021,Wipro Limited,WIPRO.NS,NSE,196.24,201.18,184.53,189.63,114567788
2021-03-22,2021,Wipro Limited,WIPRO.NS,NSE,189.88,195.59,183.74,186.58,90218046
2021-03-29,2021,Wipro Limited,WIPRO.NS,NSE,186.58,195.34,186.58,192.36,56423280
2021-04-05,2021,Wipro Limited,WIPRO.NS,NSE,192.38,208.5,192.26,207.92,136041128
2021-04-12,2021,Wipro Limited,WIPRO.NS,NSE,207.88,218.8,190.6,216.75,343254228
2021-04-19,2021,Wipro Limited,WIPRO.NS,NSE,213.88,228.43,213.0,219.75,235514956
2021-04-26,2021,Wipro Limited,WIPRO.NS,NSE,221.46,236.43,220.35,227.63,125792698
2021-05-03,2021,Wipro Limited,WIPRO.NS,NSE,225.41,238.62,220.72,238.02,135277752
2021-05-10,2021,Wipro Limited,WIPRO.NS,NSE,239.11,244.14,227.63,230.26,69729914
2021-05-17,2021,Wipro Limited,WIPRO.NS,NSE,230.26,239.2,228.67,236.84,68227198
2021-05-24,2021,Wipro Limited,WIPRO.NS,NSE,236.47,251.76,235.43,248.85,119008636
2021-05-31,2021,Wipro Limited,WIPRO.NS,NSE,248.85,254.03,245.32,250.01,52949048
2021-06-07,2021,Wipro Limited,WIPRO.NS,NSE,251.62,258.21,250.47,256.06,54636338
2021-06-14,2021,Wipro Limited,WIPRO.NS,NSE,255.87,260.54,252.25,253.98,59386274
2021-06-21,2021,Wipro Limited,WIPRO.NS,NSE,251.65,259.08,247.24,252.92,72189892
2021-06-28,2021,Wipro Limited,WIPRO.NS,NSE,253.96,255.8,246.5,248.81,47935426
2021-07-05,2021,Wipro Limited,WIPRO.NS,NSE,250.79,250.79,241.72,242.89,46600830
2021-07-12,2021,Wipro Limited,WIPRO.NS,NSE,245.18,272.2,241.41,266.89,210720050
2021-07-19,2021,Wipro Limited,WIPRO.NS,NSE,264.49,278.0,259.41,276.78,94964436
2021-07-26,2021,Wipro Limited,WIPRO.NS,NSE,277.22,277.4,269.32,271.23,47339292
2021-08-02,2021,Wipro Limited,WIPRO.NS,NSE,271.72,283.87,268.97,276.25,61726850
2021-08-09,2021,Wipro Limited,WIPRO.NS,NSE,277.17,286.62,273.98,284.33,56548476
2021-08-16,2021,Wipro Limited,WIPRO.NS,NSE,284.61,295.28,282.02,286.43,56978936
2021-08-23,2021,Wipro Limited,WIPRO.NS,NSE,289.18,296.94,288.03,293.31,53015432
2021-08-30,2021,Wipro Limited,WIPRO.NS,NSE,293.78,303.5,290.52,302.62,50413466
2021-09-06,2021,Wipro Limited,WIPRO.NS,NSE,303.34,318.75,302.12,305.97,62532972
2021-09-13,2021,Wipro Limited,WIPRO.NS,NSE,305.97,314.47,303.89,307.31,46922340
2021-09-20,2021,Wipro Limited,WIPRO.NS,NSE,303.85,322.97,301.84,312.51,56759028
2021-09-27,2021,Wipro Limited,WIPRO.NS,NSE,313.22,313.36,289.8,293.92,71147846
2021-10-04,2021,Wipro Limited,WIPRO.NS,NSE,295.6,308.37,292.9,305.42,60620242
2021-10-11,2021,Wipro Limited,WIPRO.NS,NSE,299.78,341.77,293.34,327.18,176406852
2021-10-18,2021,Wipro Limited,WIPRO.NS,NSE,332.14,337.2,313.32,315.23,85848036
2021-10-25,2021,Wipro Limited,WIPRO.NS,NSE,315.4,316.07,297.61,298.77,66327236
2021-11-01,2021,Wipro Limited,WIPRO.NS,NSE,300.78,305.74,299.07,301.98,25318836
2021-11-08,2021,Wipro Limited,WIPRO.NS,NSE,301.63,307.77,294.17,304.91,50074282
2021-11-15,2021,Wipro Limited,WIPRO.NS,NSE,305.6,308.93,298.07,300.94,37460582
2021-11-22,2021,Wipro Limited,WIPRO.NS,NSE,303.96,305.09,286.25,287.08,43641346
2021-11-29,2021,Wipro Limited,WIPRO.NS,NSE,284.82,302.09,278.99,295.99,70295370
2021-12-06,2021,Wipro Limited,WIPRO.NS,NSE,294.38,301.65,287.79,294.84,48718470
2021-12-13,2021,Wipro Limited,WIPRO.NS,NSE,297.26,312.65,293.5,309.88,145893894
2021-12-20,2021,Wipro Limited,WIPRO.NS,NSE,308.37,324.47,306.27,322.65,92115386
2021-12-27,2021,Wipro Limited,WIPRO.NS,NSE,323.3,332.56,319.28,330.46,54882024
2022-01-03,2022,Wipro Limited,WIPRO.NS,NSE,331.68,335.74,323.34,328.68,60224420
2022-01-10,2022,Wipro Limited,WIPRO.NS,NSE,327.52,327.52,294.03,295.56,154506442
2022-01-17,2022,Wipro Limited,WIPRO.NS,NSE,295.42,301.03,277.54,279.5,88644440
2022-01-24,2022,Wipro Limited,WIPRO.NS,NSE,280.17,280.17,248.56,255.48,122114610
2022-01-31,2022,Wipro Limited,WIPRO.NS,NSE,263.28,272.99,260.29,264.55,91257540
2022-02-07,2022,Wipro Limited,WIPRO.NS,NSE,264.62,265.94,256.54,259.78,66298930
2022-02-14,2022,Wipro Limited,WIPRO.NS,NSE,254.49,264.85,249.86,260.25,72167038
2022-02-21,2022,Wipro Limited,WIPRO.NS,NSE,257.15,264.99,245.76,256.92,96309150
2022-02-28,2022,Wipro Limited,WIPRO.NS,NSE,254.95,268.37,251.76,266.19,87530682
2022-03-07,2022,Wipro Limited,WIPRO.NS,NSE,260.5,276.0,260.15,271.24,92768718
2022-03-14,2022,Wipro Limited,WIPRO.NS,NSE,271.33,282.71,270.36,278.18,56891272
2022-03-21,2022,Wipro Limited,WIPRO.NS,NSE,279.98,285.02,275.84,279.17,62304972
2022-03-28,2022,Wipro Limited,WIPRO.NS,NSE,281.32,281.92,272.67,278.45,59411752
2022-04-04,2022,Wipro Limited,WIPRO.NS,NSE,279.93,282.02,267.21,270.06,54312500
2022-04-11,2022,Wipro Limited,WIPRO.NS,NSE,272.47,272.58,258.75,260.9,44707324
2022-04-18,2022,Wipro Limited,WIPRO.NS,NSE,256.53,256.53,245.43,250.87,64048252
2022-04-25,2022,Wipro Limited,WIPRO.NS,NSE,247.25,250.89,236.54,237.38,71860184
2022-05-02,2022,Wipro Limited,WIPRO.NS,NSE,240.51,242.14,224.41,226.33,90402022
2022-05-09,2022,Wipro Limited,WIPRO.NS,NSE,224.88,228.31,215.62,218.65,84022444
2022-05-16,2022,Wipro Limited,WIPRO.NS,NSE,221.15,231.06,209.95,214.43,69704374
2022-05-23,2022,Wipro Limited,WIPRO.NS,NSE,216.39,219.09,206.78,217.86,66370088
2022-05-30,2022,Wipro Limited,WIPRO.NS,NSE,220.75,227.68,218.39,221.85,88197536
2022-06-06,2022,Wipro Limited,WIPRO.NS,NSE,220.21,222.15,212.89,215.06,48975486
2022-06-13,2022,Wipro Limited,WIPRO.NS,NSE,209.97,211.68,187.58,189.05,98074034
2022-06-20,2022,Wipro Limited,WIPRO.NS,NSE,190.82,199.1,188.56,195.37,84158616
2022-06-27,2022,Wipro Limited,WIPRO.NS,NSE,199.22,200.97,191.94,196.89,62254406
2022-07-04,2022,Wipro Limited,WIPRO.NS,NSE,196.4,198.15,192.71,195.53,48650292
2022-07-11,2022,Wipro Limited,WIPRO.NS,NSE,193.5,193.62,182.42,183.75,73913422
2022-07-18,2022,Wipro Limited,WIPRO.NS,NSE,186.15,194.79,185.06,191.68,112617868
2022-07-25,2022,Wipro Limited,WIPRO.NS,NSE,191.52,197.96,187.53,197.68,73624366
2022-08-01,2022,Wipro Limited,WIPRO.NS,NSE,198.85,206.22,197.17,205.28,70069832
2022-08-08,2022,Wipro Limited,WIPRO.NS,NSE,206.59,206.59,198.89,203.46,37134280
2022-08-15,2022,Wipro Limited,WIPRO.NS,NSE,203.46,207.57,201.08,201.76,49317852
2022-08-22,2022,Wipro Limited,WIPRO.NS,NSE,201.04,201.04,191.29,194.67,54016622
2022-08-29,2022,Wipro Limited,WIPRO.NS,NSE,188.95,194.06,186.15,190.21,64864292
2022-09-05,2022,Wipro Limited,WIPRO.NS,NSE,189.89,195.7,187.09,194.62,77229492
2022-09-12,2022,Wipro Limited,WIPRO.NS,NSE,195.88,198.75,186.71,187.39,69503522
2022-09-19,2022,Wipro Limited,WIPRO.NS,NSE,188.95,191.01,183.66,183.99,72331156
2022-09-26,2022,Wipro Limited,WIPRO.NS,NSE,182.89,187.51,179.44,183.94,65824026
2022-10-03,2022,Wipro Limited,WIPRO.NS,NSE,183.78,192.69,182.24,190.4,39516594
2022-10-10,2022,Wipro Limited,WIPRO.NS,NSE,186.76,194.97,175.54,176.03,166809342
2022-10-17,2022,Wipro Limited,WIPRO.NS,NSE,176.03,179.27,173.74,178.48,70236650
2022-10-24,2022,Wipro Limited,WIPRO.NS,NSE,180.28,180.53,177.8,178.81,28588520
2022-10-31,2022,Wipro Limited,WIPRO.NS,NSE,180.35,184.22,179.51,182.21,44231298
2022-11-07,2022,Wipro Limited,WIPRO.NS,NSE,183.36,189.35,180.56,186.48,49027098
2022-11-14,2022,Wipro Limited,WIPRO.NS,NSE,187.86,187.86,183.26,183.75,56729486
2022-11-21,2022,Wipro Limited,WIPRO.NS,NSE,183.75,188.67,179.39,187.93,50052016
2022-11-28,2022,Wipro Limited,WIPRO.NS,NSE,187.93,194.25,187.55,192.41,64253754
2022-12-05,2022,Wipro Limited,WIPRO.NS,NSE,192.8,193.6,182.54,183.85,49712244
2022-12-12,2022,Wipro Limited,WIPRO.NS,NSE,183.31,188.72,181.02,181.84,52954434
2022-12-19,2022,Wipro Limited,WIPRO.NS,NSE,181.23,183.47,175.89,176.19,49046328
2022-12-26,2022,Wipro Limited,WIPRO.NS,NSE,176.36,184.9,175.56,183.24,40364944
2023-01-02,2023,Wipro Limited,WIPRO.NS,NSE,183.36,185.57,177.94,178.22,38534190
2023-01-09,2023,Wipro Limited,WIPRO.NS,NSE,180.09,185.64,179.67,183.78,46015888
2023-01-16,2023,Wipro Limited,WIPRO.NS,NSE,181.96,189.14,181.49,188.09,72970972
2023-01-23,2023,Wipro Limited,WIPRO.NS,NSE,189.05,191.38,183.92,185.71,32133618
2023-01-30,2023,Wipro Limited,WIPRO.NS,NSE,186.17,193.16,184.77,190.78,43543694
2023-02-06,2023,Wipro Limited,WIPRO.NS,NSE,189.61,191.27,186.64,189.79,31380092
2023-02-13,2023,Wipro Limited,WIPRO.NS,NSE,189.72,193.28,186.71,190.03,31497456
2023-02-20,2023,Wipro Limited,WIPRO.NS,NSE,189.56,190.82,183.6,183.95,30326688
2023-02-27,2023,Wipro Limited,WIPRO.NS,NSE,183.69,183.95,180.28,182.61,28991832
2023-03-06,2023,Wipro Limited,WIPRO.NS,NSE,183.55,185.51,180.81,181.98,20361014
2023-03-13,2023,Wipro Limited,WIPRO.NS,NSE,181.94,183.62,173.05,176.09,38496200
2023-03-20,2023,Wipro Limited,WIPRO.NS,NSE,175.39,175.83,168.54,169.19,38162640
2023-03-27,2023,Wipro Limited,WIPRO.NS,NSE,169.19,171.06,166.03,170.83,30778862
2023-04-03,2023,Wipro Limited,WIPRO.NS,NSE,172.09,173.94,170.78,171.48,16926224
2023-04-10,2023,Wipro Limited,WIPRO.NS,NSE,172.11,175.32,171.18,172.25,24712138
2023-04-17,2023,Wipro Limited,WIPRO.NS,NSE,168.35,172.54,164.63,172.14,38827386
2023-04-24,2023,Wipro Limited,WIPRO.NS,NSE,175.39,181.47,173.31,180.07,68516848
2023-05-01,2023,Wipro Limited,WIPRO.NS,NSE,180.07,183.41,177.26,177.45,28730648
2023-05-08,2023,Wipro Limited,WIPRO.NS,NSE,178.19,180.93,177.54,179.25,27630966
2023-05-15,2023,Wipro Limited,WIPRO.NS,NSE,179.25,181.84,178.36,180.63,26043746
2023-05-22,2023,Wipro Limited,WIPRO.NS,NSE,180.77,188.27,180.25,187.88,54711232
2023-05-29,2023,Wipro Limited,WIPRO.NS,NSE,188.95,191.66,186.78,189.4,40508100
2023-06-05,2023,Wipro Limited,WIPRO.NS,NSE,191.24,191.64,185.0,185.82,51809404
2023-06-12,2023,Wipro Limited,WIPRO.NS,NSE,186.99,186.99,177.33,178.34,113315340
2023-06-19,2023,Wipro Limited,WIPRO.NS,NSE,178.66,181.12,176.37,177.7,47087942
2023-06-26,2023,Wipro Limited,WIPRO.NS,NSE,177.73,182.29,177.28,182.01,26192072
2023-07-03,2023,Wipro Limited,WIPRO.NS,NSE,184.23,185.89,182.17,185.14,52123578
2023-07-10,2023,Wipro Limited,WIPRO.NS,NSE,185.14,189.65,181.4,189.44,67075968
2023-07-17,2023,Wipro Limited,WIPRO.NS,NSE,190.36,198.75,187.55,189.28,106129798
2023-07-24,2023,Wipro Limited,WIPRO.NS,NSE,190.03,190.82,185.47,186.5,34304740
2023-07-31,2023,Wipro Limited,WIPRO.NS,NSE,186.96,191.76,185.7,191.22,38646840
2023-08-07,2023,Wipro Limited,WIPRO.NS,NSE,191.73,197.44,190.85,193.18,51329650
2023-08-14,2023,Wipro Limited,WIPRO.NS,NSE,193.28,196.62,190.82,192.55,30867312
2023-08-21,2023,Wipro Limited,WIPRO.NS,NSE,192.6,196.44,190.4,191.62,32194200
2023-08-28,2023,Wipro Limited,WIPRO.NS,NSE,192.44,195.38,190.1,194.73,41956800
2023-09-04,2023,Wipro Limited,WIPRO.NS,NSE,195.5,204.62,194.56,201.11,74211046
2023-09-11,2023,Wipro Limited,WIPRO.NS,NSE,202.52,207.54,199.66,206.28,64975198
2023-09-18,2023,Wipro Limited,WIPRO.NS,NSE,206.28,206.28,194.85,195.73,43839226
2023-09-25,2023,Wipro Limited,WIPRO.NS,NSE,195.73,196.32,187.78,189.91,53212080
2023-10-02,2023,Wipro Limited,WIPRO.NS,NSE,189.91,191.95,187.39,190.75,27124282
2023-10-09,2023,Wipro Limited,WIPRO.NS,NSE,189.05,198.28,188.67,192.25,51399144
2023-10-16,2023,Wipro Limited,WIPRO.NS,NSE,192.23,193.56,182.45,183.27,50196544
2023-10-23,2023,Wipro Limited,WIPRO.NS,NSE,182.8,183.81,175.41,178.83,32714514
2023-10-30,2023,Wipro Limited,WIPRO.NS,NSE,179.6,180.86,177.33,179.39,25118490
2023-11-06,2023,Wipro Limited,WIPRO.NS,NSE,180.53,181.0,176.32,177.4,37675992
2023-11-13,2023,Wipro Limited,WIPRO.NS,NSE,178.94,186.85,177.73,184.93,36108924
2023-11-20,2023,Wipro Limited,WIPRO.NS,NSE,183.9,189.42,183.9,185.21,35297252
2023-11-27,2023,Wipro Limited,WIPRO.NS,NSE,185.21,193.86,183.85,190.66,53345784
2023-12-04,2023,Wipro Limited,WIPRO.NS,NSE,193.02,198.54,188.06,197.65,70639584
2023-12-11,2023,Wipro Limited,WIPRO.NS,NSE,196.44,210.23,194.1,208.85,97933032
2023-12-18,2023,Wipro Limited,WIPRO.NS,NSE,208.6,218.09,199.8,216.38,119440530
2023-12-25,2023,Wipro Limited,WIPRO.NS,NSE,216.38,223.28,209.69,220.43,112692732
2024-01-01,2024,Wipro Limited,WIPRO.NS,NSE,221.22,226.13,211.12,213.55,86223622
2024-01-08,2024,Wipro Limited,WIPRO.NS,NSE,213.97,219.35,208.92,217.69,78148162
2024-01-15,2024,Wipro Limited,WIPRO.NS,NSE,239.44,247.41,219.07,226.86,224069232
2024-01-22,2024,Wipro Limited,WIPRO.NS,NSE,226.86,227.3,218.44,219.82,44534066
2024-01-29,2024,Wipro Limited,WIPRO.NS,NSE,220.29,228.02,219.82,226.45,56588136
2024-02-05,2024,Wipro Limited,WIPRO.NS,NSE,226.38,235.19,224.58,229.87,68891804
2024-02-12,2024,Wipro Limited,WIPRO.NS,NSE,230.13,255.44,230.13,254.5,143355152
2024-02-19,2024,Wipro Limited,WIPRO.NS,NSE,255.86,255.86,243.49,251.29,76549934
2024-02-26,2024,Wipro Limited,WIPRO.NS,NSE,251.34,251.88,240.54,243.3,55892346
2024-03-04,2024,Wipro Limited,WIPRO.NS,NSE,245.11,246.72,234.35,241.62,36983822
2024-03-11,2024,Wipro Limited,WIPRO.NS,NSE,242.51,244.9,232.08,242.32,62839310
2024-03-18,2024,Wipro Limited,WIPRO.NS,NSE,242.79,243.04,224.77,228.3,64687772
2024-03-25,2024,Wipro Limited,WIPRO.NS,NSE,228.3,230.11,220.88,225.02,48049164
2024-04-01,2024,Wipro Limited,WIPRO.NS,NSE,226.71,230.58,223.08,227.34,49186568
2024-04-08,2024,Wipro Limited,WIPRO.NS,NSE,229.66,230.41,220.29,220.64,66383600
2024-04-15,2024,Wipro Limited,WIPRO.NS,NSE,218.63,219.52,204.82,212.2,76072260
2024-04-22,2024,Wipro Limited,WIPRO.NS,NSE,212.2,223.01,210.92,217.76,68403004
2024-04-29,2024,Wipro Limited,WIPRO.NS,NSE,219.19,219.35,212.41,214.36,40820798
2024-05-06,2024,Wipro Limited,WIPRO.NS,NSE,215.04,218.6,211.06,211.78,40290532
2024-05-13,2024,Wipro Limited,WIPRO.NS,NSE,211.78,219.12,208.57,216.8,39192356
2024-05-20,2024,Wipro Limited,WIPRO.NS,NSE,216.07,220.52,215.06,217.31,37610190
2024-05-27,2024,Wipro Limited,WIPRO.NS,NSE,216.54,216.61,203.93,205.38,108680492
2024-06-03,2024,Wipro Limited,WIPRO.NS,NSE,211.01,227.98,195.45,227.11,127060592
2024-06-10,2024,Wipro Limited,WIPRO.NS,NSE,228.91,228.91,221.86,223.8,65877110
2024-06-17,2024,Wipro Limited,WIPRO.NS,NSE,223.8,234.8,223.8,229.92,160493570
2024-06-24,2024,Wipro Limited,WIPRO.NS,NSE,229.71,241.99,229.29,241.31,90547788
2024-07-01,2024,Wipro Limited,WIPRO.NS,NSE,242.74,257.22,240.96,250.8,112984602
2024-07-08,2024,Wipro Limited,WIPRO.NS,NSE,251.2,264.72,248.41,262.54,93085212
2024-07-15,2024,Wipro Limited,WIPRO.NS,NSE,265.71,271.8,259.99,261.16,78881786
2024-07-22,2024,Wipro Limited,WIPRO.NS,NSE,244.19,247.73,227.95,245.97,162144362
2024-07-29,2024,Wipro Limited,WIPRO.NS,NSE,247.47,248.67,234.82,235.36,56998568
2024-08-05,2024,Wipro Limited,WIPRO.NS,NSE,229.66,234.4,225.09,230.27,59516008
2024-08-12,2024,Wipro Limited,WIPRO.NS,NSE,230.39,242.53,228.33,241.97,50680782
2024-08-19,2024,Wipro Limited,WIPRO.NS,NSE,241.85,248.67,239.67,240.16,50238988
2024-08-26,2024,Wipro Limited,WIPRO.NS,NSE,241.85,254.04,241.83,252.35,104812864
2024-09-02,2024,Wipro Limited,WIPRO.NS,NSE,252.35,254.04,242.2,244.01,77843868
2024-09-09,2024,Wipro Limited,WIPRO.NS,NSE,242.36,258.96,240.56,258.07,82167516
2024-09-16,2024,Wipro Limited,WIPRO.NS,NSE,259.19,261.0,248.01,252.68,74115750
2024-09-23,2024,Wipro Limited,WIPRO.NS,NSE,252.68,261.96,248.11,253.94,66830964
2024-09-30,2024,Wipro Limited,WIPRO.NS,NSE,252.16,257.6,246.65,250.08,43568842
2024-10-07,2024,Wipro Limited,WIPRO.NS,NSE,252.16,253.89,243.86,247.61,51279792
2024-10-14,2024,Wipro Limited,WIPRO.NS,NSE,252.49,261.72,245.97,257.15,165699472
2024-10-21,2024,Wipro Limited,WIPRO.NS,NSE,258.54,263.36,253.33,254.72,74844984
2024-10-28,2024,Wipro Limited,WIPRO.NS,NSE,254.72,271.26,254.36,258.42,61639884
2024-11-04,2024,Wipro Limited,WIPRO.NS,NSE,258.25,271.28,250.38,266.69,69122504
2024-11-11,2024,Wipro Limited,WIPRO.NS,NSE,266.69,273.35,264.44,265.61,48575054
2024-11-18,2024,Wipro Limited,WIPRO.NS,NSE,265.61,268.85,253.24,267.93,54615382
2024-11-25,2024,Wipro Limited,WIPRO.NS,NSE,269.74,279.35,267.42,270.84,73165158
2024-12-02,2024,Wipro Limited,WIPRO.NS,NSE,272.99,282.06,271.0,278.74,62057331
2024-12-09,2024,Wipro Limited,WIPRO.NS,NSE,276.53,294.16,275.36,290.55,55262772
2024-12-16,2024,Wipro Limited,WIPRO.NS,NSE,290.59,299.97,282.3,286.09,63375351
2024-12-23,2024,Wipro Limited,WIPRO.NS,NSE,287.41,291.44,283.84,289.75,30111554
2024-12-30,2024,Wipro Limited,WIPRO.NS,NSE,289.75,290.03,275.6,276.02,52261277
2025-01-06,2025,Wipro Limited,WIPRO.NS,NSE,276.53,284.27,271.19,281.74,51963673
2025-01-13,2025,Wipro Limited,WIPRO.NS,NSE,280.24,280.52,262.94,264.3,41578633
2025-01-20,2025,Wipro Limited,WIPRO.NS,NSE,283.09,304.28,278.36,300.06,143242913
2025-01-27,2025,Wipro Limited,WIPRO.NS,NSE,297.91,299.17,282.67,285.72,72416445
2025-02-03,2025,Wipro Limited,WIPRO.NS,NSE,289.68,309.37,287.1,304.02,63523944
2025-02-10,2025,Wipro Limited,WIPRO.NS,NSE,304.78,306.88,291.16,294.55,48805144
2025-02-17,2025,Wipro Limited,WIPRO.NS,NSE,294.55,302.58,288.72,292.88,42132292
2025-02-24,2025,Wipro Limited,WIPRO.NS,NSE,289.63,289.96,264.82,265.44,56425491
2025-03-03,2025,Wipro Limited,WIPRO.NS,NSE,267.16,279.16,264.15,272.28,48968402
2025-03-10,2025,Wipro Limited,WIPRO.NS,NSE,271.94,273.09,250.67,252.39,44035986
2025-03-17,2025,Wipro Limited,WIPRO.NS,NSE,252.39,261.9,244.98,252.68,66440168
2025-03-24,2025,Wipro Limited,WIPRO.NS,NSE,255.31,262.62,250.1,250.72,58208870
2025-03-31,2025,Wipro Limited,WIPRO.NS,NSE,250.72,253.87,234.08,235.47,42427973
2025-04-07,2025,Wipro Limited,WIPRO.NS,NSE,220.89,238.53,217.97,229.21,57087935
2025-04-14,2025,Wipro Limited,WIPRO.NS,NSE,229.21,237.53,221.94,226.48,81773361
2025-04-21,2025,Wipro Limited,WIPRO.NS,NSE,226.96,235.33,223.23,230.31,106185369
2025-04-28,2025,Wipro Limited,WIPRO.NS,NSE,229.92,234.99,228.25,231.05,55894557
2025-05-05,2025,Wipro Limited,WIPRO.NS,NSE,233.27,236.01,225.63,231.37,52186818
2025-05-12,2025,Wipro Limited,WIPRO.NS,NSE,234.31,246.6,234.11,243.13,59069007
2025-05-19,2025,Wipro Limited,WIPRO.NS,NSE,243.13,243.54,234.23,236.48,40375485
2025-05-26,2025,Wipro Limited,WIPRO.NS,NSE,237.56,240.67,236.1,238.69,42400525
2025-06-02,2025,Wipro Limited,WIPRO.NS,NSE,236.71,238.99,234.92,237.66,32031318
2025-06-09,2025,Wipro Limited,WIPRO.NS,NSE,238.62,251.44,238.26,248.77,60422982
2025-06-16,2025,Wipro Limited,WIPRO.NS,NSE,248.57,255.45,246.66,254.82,50569635
2025-06-23,2025,Wipro Limited,WIPRO.NS,NSE,252.39,259.37,250.3,253.4,35335436
2025-06-30,2025,Wipro Limited,WIPRO.NS,NSE,254.4,259.47,251.34,258.18,36256286
2025-07-07,2025,Wipro Limited,WIPRO.NS,NSE,258.18,258.65,246.42,246.94,41953555
2025-07-14,2025,Wipro Limited,WIPRO.NS,NSE,246.94,259.94,240.58,255.21,69121205
2025-07-21,2025,Wipro Limited,WIPRO.NS,NSE,255.21,255.4,244.79,247.8,41992045
2025-07-28,2025,Wipro Limited,WIPRO.NS,NSE,242.83,242.83,231.55,232.08,42754954
2025-08-04,2025,Wipro Limited,WIPRO.NS,NSE,236.64,240.73,232.4,233.03,35432228
2025-08-11,2025,Wipro Limited,WIPRO.NS,NSE,233.03,242.18,232.61,240.6,29826791
2025-08-18,2025,Wipro Limited,WIPRO.NS,NSE,242.38,246.63,238.6,242.38,41159834
2025-08-25,2025,Wipro Limited,WIPRO.NS,NSE,244.29,250.81,242.4,243.13,48156864
2025-09-01,2025,Wipro Limited,WIPRO.NS,NSE,243.14,246.78,235.2,237.54,23362867
2025-09-08,2025,Wipro Limited,WIPRO.NS,NSE,238.21,250.7,236.1,245.6,45906330
2025-09-15,2025,Wipro Limited,WIPRO.NS,NSE,245.17,253.26,243.32,249.44,39597568
2025-09-22,2025,Wipro Limited,WIPRO.NS,NSE,242.29,245.66,229.1,229.82,57304286
2025-09-29,2025,Wipro Limited,WIPRO.NS,NSE,230.92,237.44,230.34,234.92,34933045
2025-10-06,2025,Wipro Limited,WIPRO.NS,NSE,233.96,244.93,233.3,242.44,31713197
2025-10-13,2025,Wipro Limited,WIPRO.NS,NSE,239.87,247.68,233.09,234.84,82348674
2025-10-20,2025,Wipro Limited,WIPRO.NS,NSE,234.84,241.56,233.25,236.86,37722765
2025-10-27,2025,Wipro Limited,WIPRO.NS,NSE,237.17,239.55,234.45,234.61,41112230
2025-11-03,2025,Wipro Limited,WIPRO.NS,NSE,234.61,235.22,230.06,230.54,24413113
2025-11-10,2025,Wipro Limited,WIPRO.NS,NSE,231.46,240.1,231.05,238.22,43603076
2025-11-17,2025,Wipro Limited,WIPRO.NS,NSE,237.83,241.56,234.25,238.34,36809838
2025-11-24,2025,Wipro Limited,WIPRO.NS,NSE,238.85,245.65,237.86,243.25,48420053
2025-12-01,2025,Wipro Limited,WIPRO.NS,NSE,243.81,254.53,242.6,253.37,48190551
2025-12-08,2025,Wipro Limited,WIPRO.NS,NSE,253.47,256.45,250.58,254.04,36670680
2025-12-15,2025,Wipro Limited,WIPRO.NS,NSE,253.45,260.28,251.81,257.79,33688385
2025-12-22,2025,Wipro Limited,WIPRO.NS,NSE,260.78,266.23,259.05,259.6,29817706
2025-12-29,2025,Wipro Limited,WIPRO.NS,NSE,259.3,265.54,254.68,262.23,26503776
2026-01-05,2026,Wipro Limited,WIPRO.NS,NSE,262.67,265.64,253.9,255.36,35337777
2026-01-12,2026,Wipro Limited,WIPRO.NS,NSE,254.14,263.01,252.53,260.72,28387558
2026-01-19,2026,Wipro Limited,WIPRO.NS,NSE,245.66,245.66,231.62,232.4,119111957
2026-01-26,2026,Wipro Limited,WIPRO.NS,NSE,232.4,241.01,225.92,235.71,70430511
2026-02-02,2026,Wipro Limited,WIPRO.NS,NSE,244.0,259.89,226.26,230.72,86628278
2026-02-09,2026,Wipro Limited,WIPRO.NS,NSE,231.85,233.0,209.01,214.09,94043540
2026-02-16,2026,Wipro Limited,WIPRO.NS,NSE,214.62,219.39,208.25,209.86,102217648
2026-02-23,2026,Wipro Limited,WIPRO.NS,NSE,210.36,211.74,199.12,200.96,87628571
2026-03-02,2026,Wipro Limited,WIPRO.NS,NSE,195.0,200.36,193.22,195.4,52221136
2026-03-09,2026,Wipro Limited,WIPRO.NS,NSE,194.0,205.95,193.03,197.58,99716197
2026-03-16,2026,Wipro Limited,WIPRO.NS,NSE,196.24,198.29,187.68,190.9,97019780
2026-03-23,2026,Wipro Limited,WIPRO.NS,NSE,189.41,192.29,187.0,191.6,63990323
2026-03-30,2026,Wipro Limited,WIPRO.NS,NSE,189.99,195.34,186.5,194.91,56339704
2026-04-06,2026,Wipro Limited,WIPRO.NS,NSE,197.0,209.0,196.11,204.88,135898283
2026-04-13,2026,Wipro Limited,WIPRO.NS,NSE,203.01,210.49,200.31,209.75,49814803
